12, 12, 13, 18, 19, 19, 21, 34, 53, 589
10, 10, 10, 12, 13
16, 16, 53, 53, 273
10, 15, 18, 32
15, 15, 17, 20, 24, 32, 75, 151, 242
10, 10, 11, 11, 12, 15, 15, 16, 16, 21, 25, 27
13, 14, 34, 36, 49, 69, 77, 114, 175, 656
10, 15, 16, 17, 19, 28, 32
11, 12, 13, 51
10, 465
10, 11, 12, 12, 12, 12, 13, 24, 30, 37, 72
10, 10, 11, 16, 18, 20, 29, 33, 35, 61
10, 11, 11, 12, 12, 15, 30
12, 61, 137, 140, 141, 155, 161, 200, 300, 349, 1809
10, 11, 22, 26, 34, 49, 55, 280, 732
10, 10, 10, 11, 11, 13, 14, 23, 25, 40, 120, 160, 187
10, 10, 10, 10, 39, 66, 162
10, 10, 10, 10, 10, 11, 11, 11, 16, 17
11, 17, 18, 31, 34, 38, 41
10, 12, 14, 17, 24, 26, 43, 60, 197, 385
12, 12, 20, 26, 4051
10, 10, 11, 18, 20, 48
10, 12, 12, 17, 19, 19, 28
10, 17, 18, 19, 49, 52, 61, 112, 138, 273
10, 10, 10, 11, 11, 16, 19, 40
10, 11
11, 18
10, 10, 11, 13, 15, 15, 25, 77
10, 10, 10, 11, 11, 11, 14, 19, 23, 31, 113
16, 19, 23, 25, 41, 70, 107, 108, 132, 198, 255
12, 14, 15, 18, 25, 36, 66, 315, 1058
15, 16, 18, 18, 29, 29, 45, 80
18, 36, 58, 216
10, 10, 10, 10, 10, 10, 10, 11, 11, 20
10, 11, 11, 12, 15, 22, 29, 1878
12, 25, 40
11, 14, 15, 16, 22, 127
10, 11, 12, 12, 15, 17, 18, 234
10, 10, 10, 10, 11, 14, 16, 21, 89
14, 18, 24, 35, 538
10, 10, 11, 11, 12, 13, 14, 18, 20, 33, 60
10, 11, 14, 20, 22, 28, 41, 74
12, 14, 14, 16, 19, 21, 28, 67
10, 10, 11, 12, 12, 14, 14, 21, 27, 55, 91, 180
12, 12, 13, 23, 25, 32, 50, 91, 220, 386
10, 10, 11, 11, 11, 19, 19, 36
10, 11, 11, 11, 13, 14, 15, 18, 36, 93
10, 10, 11, 11, 12, 13, 24, 24, 38, 83
10, 15, 18, 140, 223
10, 10, 10, 11, 13, 14, 20
10, 10, 10, 11, 16, 18, 22, 23, 25, 104, 147, 784
10, 10, 10, 11, 15, 66
10, 10, 11, 11, 17, 36, 45, 61, 173, 191, 291
10, 10, 11, 14, 16, 18, 19, 22, 30, 30, 637
11, 14, 15, 18, 19, 20, 29, 69, 72, 545
15, 23, 100, 225
11, 12, 17, 19, 28, 74, 88, 90, 113, 117, 148, 460
14, 31, 32, 33, 44, 57, 70
11, 11, 11, 12, 14, 22, 50
10, 10, 12, 24
10, 10, 10, 13, 14, 19, 20, 25, 25
11, 12, 15, 26, 39, 39, 49, 100, 390
10, 11, 11, 17, 21, 70
10, 10, 11, 11, 13, 13, 13, 13, 18, 30, 604, 2543
11, 11, 15
10, 10, 10, 20, 77
10, 10, 11, 11, 12, 13, 14, 25, 258
16, 17, 24, 31, 43, 114, 2860
12, 12, 17, 18, 20, 31, 63, 160, 189
10, 10, 10, 10, 10, 11, 13, 15, 18, 21, 31, 53, 76
11, 12, 15, 16, 16, 17, 17, 22, 69, 109, 126, 149
11, 11, 11, 15, 15, 17, 37, 75, 100, 103, 1158
10, 10, 10, 11, 19, 24, 193
10, 11, 14, 14, 15, 17, 19, 42, 62, 105, 116, 164, 177
10, 10, 12, 13, 13, 17, 24, 26, 32, 79, 319, 1278
15, 15, 19, 19, 36, 45, 75, 104
18, 18, 34, 89, 114, 147, 164, 317
12, 13, 15, 18, 18, 26, 30, 49, 68, 74, 161, 291, 304, 639
10, 11, 11, 13, 18, 19, 20, 24, 39, 248
11, 16, 18, 25, 79, 3026
10, 10, 10, 10, 12, 14, 23, 41, 53, 61, 116
10, 10, 11, 15, 17, 19, 26, 278
11, 15, 16, 17, 19, 76, 98, 189
12, 14, 15, 16, 17, 39, 54, 70, 85, 133, 459, 1007
11, 13, 18, 20, 20, 21, 40, 47, 100, 184, 234, 280, 331
10, 10, 10, 17
10, 10, 11, 11, 18, 19, 26, 169
11, 12, 13, 18, 20, 20, 29, 30, 31, 219, 932
12, 12, 30, 82, 2049
10, 10, 10, 10, 10, 16, 21, 32, 400, 752
14, 17, 17, 17, 18, 25, 27, 124, 728
10, 11, 11, 11, 27, 30, 385
10, 10, 10, 10, 11, 13, 14, 16, 18, 21, 30, 99
11, 12, 14, 15, 16, 33, 58, 139, 197, 322
10, 14, 48
10, 11, 11, 12, 13, 19, 21, 25, 32, 350, 1084
10, 10, 12, 314
10, 10, 11, 11, 11, 12, 12, 15, 18, 20, 52
11, 13, 13, 15, 20, 31, 44, 56, 76, 105, 127, 530
12, 15, 19, 36, 51, 602, 990
10, 10, 10, 10, 10, 10, 10, 15, 17, 28
11, 11, 12
10, 10, 12, 14, 16
11, 36
12, 14, 14, 16, 28, 519
10, 10, 10, 11, 11, 11, 21, 33, 82
10, 14, 14, 16
13, 17, 22, 25, 31, 44, 59, 84, 96, 98, 291, 323, 1462, 1993
12, 15, 20
11, 11, 12, 13, 71
10, 10, 11, 12, 17, 20, 23, 24, 30, 1478
11, 12, 51, 157, 285
10, 11, 12, 19, 42
10, 11, 11, 12, 12, 13, 14, 24, 26, 30, 34, 64, 79
10, 10, 11, 11, 15, 20, 24
10, 10, 11, 12, 12, 18, 19, 21, 23, 38, 66, 95
10, 10, 11, 11, 12, 12, 14, 16, 35, 64
10, 10, 11, 19, 30, 35, 39, 47, 182, 310
11, 11, 11, 12, 14, 14, 21, 36, 40, 47, 159, 433
23, 23, 32, 34, 60
16, 18, 21
10, 12, 13, 42
10, 16, 19, 22, 46, 84, 125, 1065
34, 55, 294
10, 11, 12, 16, 21, 48, 154, 186, 1231
12, 12, 12, 13, 17, 22, 39, 45, 65, 130, 164
10, 10, 11, 11, 11, 12, 12, 25, 26, 91, 124, 163
10, 15, 35, 44, 47, 204
32, 48, 72, 73, 121, 470, 1382
10, 11, 11, 12, 12, 12, 45
10, 10, 10, 11, 17, 19, 20, 21, 28, 30, 31, 87, 218
11, 12, 12, 14, 17, 18
12, 15, 26, 43, 92, 353
13, 18, 23, 24, 36, 54, 241
10, 10, 10, 11, 11, 13, 64, 74
10, 15, 24, 39, 54
11, 11, 14, 23, 34, 36, 53, 167
10, 10, 12, 14, 15, 17, 19, 21, 23, 341
10, 10, 10, 11, 12, 12, 13, 16, 17, 19, 20, 49, 82, 450
11, 11, 11, 11, 14, 20, 41
11, 15, 15, 19, 30, 40, 78, 82, 138, 254, 2924
11, 15, 16, 17, 21, 177, 259, 1532
10, 10, 12, 16, 17, 18, 34, 595, 817, 3868
14, 15, 23, 26, 84, 117, 162, 1241, 2221
11, 11, 11, 12, 18, 20, 34, 53
10, 10, 10, 10, 10, 10, 10, 11, 17, 20
10, 10, 10, 10, 11, 15, 15, 19, 29, 50, 75
13, 15, 17, 17, 18, 19, 20, 23, 24, 41, 47, 546
10, 10, 46, 60, 128, 142
10, 12, 13, 15, 29, 42, 90
10, 10, 11, 12, 14, 18, 26, 34, 37, 47
10, 12, 12, 12, 27, 33, 104, 220, 247
12, 14, 16, 17, 25, 28, 30, 54, 70, 110, 120, 839, 1346
10, 10, 10, 11, 12, 12, 14, 14, 22, 46, 66
10, 15, 19, 106, 1566
11, 19, 21, 31, 32, 34, 60, 61, 498, 664, 1613
10, 10, 11, 14, 23, 57, 111, 115
10, 10, 10, 12, 12, 15, 15, 17, 23, 24, 28, 109
11, 11, 12
10, 10, 10, 11, 11, 15
10, 10, 10, 10, 11, 18
10, 10, 11, 30, 61
11, 16, 17, 29, 36, 109, 117
10, 13, 19, 83, 702
12, 21, 23, 51
10, 10, 10, 11, 11, 20, 24
10, 10, 12, 27, 151, 482
10, 10, 10, 14, 60
10, 10, 13, 13
10, 10, 11, 13, 15, 17, 17, 18, 20, 22, 23, 103
14, 16, 25, 32, 36, 37, 38, 53
10, 10, 10, 14, 19, 30, 39, 83
13, 14, 23, 44, 44, 79, 93, 102, 143, 1193, 2335
10, 10, 11, 13, 21, 26, 49
11, 11, 11, 11, 12, 12, 21, 83, 144, 149
10, 11, 18, 63
10, 10, 10, 11, 11, 11, 11, 11, 15, 25, 51
10, 11, 11, 12
11, 12, 12, 14, 15, 17, 20, 20, 20, 29, 36, 163, 244
12, 14, 15, 16, 18, 20, 21, 25, 27, 111, 124, 675
12, 17, 24, 25, 31, 34, 36
16, 31, 33, 61, 62, 91, 117, 119
14, 22, 22, 29, 49, 56, 115, 183, 210, 212, 271
10, 10, 13, 15, 26, 44
16, 20, 33, 35, 100, 112, 341, 502
10, 11, 11, 12, 16, 254
10, 11, 13
10, 16, 20, 24, 40, 90, 140, 153, 296, 742, 1811
10, 10, 11, 12, 13, 16, 17
10, 11, 11, 11, 11, 12, 19, 49, 53
10, 10, 11, 14, 14, 17, 20
11, 11, 16, 16, 17, 19, 19, 22, 168, 318, 3929
10, 10, 10, 11, 13, 14, 15, 19, 21, 29, 3913
13, 14, 18, 20, 146, 223, 558
10, 10, 10, 10, 10, 10, 11, 13, 14, 16, 18, 19, 40
10, 10, 10, 10, 10, 10, 10, 19, 20, 40, 41
10, 13, 17, 21, 32
12, 14, 16, 23
11, 17, 27, 52
12, 16, 18, 24, 30, 35, 75, 79, 104, 128
15, 16, 17, 21, 26, 62, 72, 119, 454
15, 22, 27, 100, 210, 612
10, 12, 12, 16, 17, 18, 29, 34, 110, 189, 387
10, 10, 11, 13, 16, 24, 36, 402, 514
18, 18, 35, 54, 55, 76, 265, 554
13, 14, 18, 41, 42
11, 12, 14, 14, 15, 20, 29, 29, 52, 58, 329
11, 14, 45, 54, 605, 672, 2723
10, 10, 11, 12
10, 10, 10, 11, 12, 12, 15, 20, 22, 30, 34, 80, 95
15, 17, 17, 18, 19, 63, 85, 546, 662, 1026, 1348
10, 10, 10, 14, 45, 69
12, 13, 15, 26, 29, 34, 127, 2763
10, 11, 11, 11, 12, 13, 16, 21, 22, 31, 2775
10, 14, 14, 17
10, 10, 11, 11, 13, 13, 14, 15, 25, 86, 401, 3040
51, 63, 103, 123, 329, 335, 1197
10, 10, 10, 381
10, 15, 16, 21, 31, 203, 274
11, 22, 24, 76, 92, 142, 143, 155, 295, 416, 487, 550
13, 14, 14, 24, 49, 62, 215, 220, 648
10, 10, 143, 2436
18, 44, 66, 78, 177
10, 10, 10, 11, 15, 15, 15, 16, 23, 26, 32, 191, 376, 984
10, 10, 10, 10, 10, 37, 46, 234
10, 10, 11, 14, 22, 24, 42, 81, 140, 185
11, 11, 11, 12, 14, 15, 27, 36, 37, 75, 113, 226
10, 15, 46, 623
11, 12, 20, 22, 183, 196, 783
11, 13, 13, 17, 18, 20, 23, 34, 36, 39, 83, 107
12, 13, 20, 24, 40, 76, 106, 1353, 2173, 3056
10, 10, 11, 12, 13, 21, 27, 92, 499
10, 13, 20, 105, 215, 252, 445
10, 11, 32
11, 12, 15, 15, 16, 17, 17, 18, 22, 28, 44, 81, 280, 2883
10, 14, 23, 44, 128
10, 11, 11
10, 10, 11, 11, 12, 12, 16, 19, 22, 35, 81
11, 13, 15, 17, 18, 22, 30, 47, 48, 92, 497
10, 10, 11, 11, 23, 27, 37, 100
10, 11, 11, 12, 13, 18, 18, 29, 276
10, 16, 16, 18, 19, 23, 27, 33, 38, 38, 41, 296, 524
10, 10, 11, 12, 15, 20, 54
10, 10, 10, 10, 11, 11, 11, 15, 29, 98
10, 27
14, 23, 68, 207
10, 10, 10, 10, 11, 12, 12, 12
14, 14, 16, 70, 243, 444
10, 10, 10, 11, 11, 11, 12, 13, 21, 26, 31, 37
12, 13, 17, 28
10, 10, 10, 14, 14, 17, 34, 43, 182
10, 10, 13, 15, 15, 17, 18, 19
18, 19, 45, 46, 50, 257, 473
11, 11, 12, 14, 15, 17, 17, 33, 162, 2111
10, 13, 18, 19, 37, 43, 118
10, 10, 10, 11, 13, 25, 37, 305
10, 11, 11, 19, 25, 33, 81, 244
11, 13, 15, 16, 17, 20, 27, 35, 47, 166, 204
10, 10, 10, 11, 11, 26
10, 11, 15, 16, 20, 33, 53, 58, 131, 3214
10, 10, 10, 10, 11, 24
10, 13, 14, 14, 15, 16, 20, 49, 67, 145, 223
10, 11, 15, 16, 23, 59, 69, 89, 250
11, 102
11, 11, 36, 82, 86, 87, 92, 109
10, 11, 11, 15, 18, 21, 28
14, 15, 18, 19, 20, 72, 3316
10, 10, 10, 11, 13, 14, 16, 30, 125
10, 11, 12, 29, 33, 103, 110
18, 23, 24, 25, 3054
12, 16, 75, 537
10, 11, 11, 13, 14, 16
10, 10, 11, 14, 16, 17, 21, 29, 143
27, 44, 67, 81, 84, 137
10, 10, 10, 10, 11, 12, 13, 14, 15, 231
13, 13, 13, 22, 24, 45, 55, 96, 328
10, 10, 11, 14, 16, 27
14, 14, 15, 15, 20, 21, 64, 72, 102, 114, 520
10, 10, 11, 11, 11, 11, 12, 12, 12, 18, 26, 71
10, 10, 10, 10, 17, 51
10, 10, 10, 10, 10, 11, 11, 12, 14, 21, 1186
10, 10, 10, 11, 45, 49
10, 11, 12, 12, 13, 26, 30, 33, 41, 191
12, 12, 16, 18, 19, 111
10, 10, 12
10, 11, 11, 12, 12, 12, 13, 14, 32, 42, 55
10, 10, 11, 11, 15, 15, 18, 26, 28, 41, 147, 450
11, 11, 11, 11, 12, 15, 37
10, 11, 11, 17, 23, 26, 27, 42, 75
10, 10, 10
10, 11, 11, 13
10, 11, 11, 11, 27, 55
10, 10, 10, 11, 12, 19, 30, 53, 214, 278
14, 16, 22, 24, 79
13, 13, 15, 17, 19, 25, 28, 28, 132, 187
10, 11, 13, 13, 14, 17, 17, 36, 46, 96, 314
10, 10, 10, 10, 10, 11, 12, 18, 35, 39, 102, 314
11, 13, 17, 17, 20, 28, 51, 247, 294
10, 11, 14, 17, 17, 52, 96
10, 16, 18, 47, 48, 51, 78, 160
10, 10, 11, 12, 26
10, 11, 11, 11, 14, 20, 20, 21, 33, 49, 81, 503, 1190, 1966
12, 106
10, 11, 11, 11, 976
10, 10, 11, 12, 12, 19, 34
11, 12, 16, 20, 26, 47, 52, 66, 370
11, 18, 18, 21, 23, 90, 212, 280
10, 10, 11, 12, 12, 12, 13, 84, 152
10, 10, 11, 16, 28
11, 14, 16, 441, 733
10, 10, 11, 11, 12, 15, 24, 55, 74
10, 11, 21
16, 25, 56, 142, 416
11, 11, 11, 12, 15, 33, 39, 47, 85, 95, 705
14, 30
10, 10, 10, 10, 11, 27
10, 11, 232
10, 16, 32, 140, 293
10, 11, 11, 11, 12, 12, 13, 18, 23, 35, 1731
10, 10, 11, 13, 15, 16, 18, 21, 23, 26, 31, 69, 158, 766
10, 11, 22, 22
11, 12, 12, 17, 20, 71, 75, 191
11, 14, 15, 18, 43, 61, 61, 80, 103, 110, 1529
10, 10, 10, 10, 12, 40, 712
10, 13, 86
10, 10, 10, 10, 11, 11, 12, 19, 133, 170
10, 10, 10, 12, 12, 12, 17, 33, 37
13, 15, 17, 19, 56, 85
11, 11, 14, 15, 30, 79, 158
10, 11, 12, 14, 14, 15, 16, 33
11, 11, 12, 14
10, 11, 11, 12, 13, 26, 47, 57, 232, 269, 322, 582, 602
10, 14, 30
10, 16, 18, 181
10, 11, 16, 22, 114
10, 10, 10, 10, 10, 10, 11, 11, 15, 16, 17, 20, 21
17, 41, 314
11, 13, 19, 22, 45, 50, 80, 1031
10, 11, 18, 23, 60
11, 15, 26, 35, 76
10, 10, 10, 10, 11, 17, 56
11, 14, 29
13, 14, 45, 71, 154
13, 13, 15, 15, 19, 43
13, 50, 60
16, 17, 23, 23, 25, 33, 44, 48, 123
10, 11, 11, 11, 12, 13, 58
10, 10, 10, 24, 47
11, 11, 19, 23, 23, 44, 100, 115, 371, 610, 2077
11, 11, 11, 11, 12, 14, 18, 18, 30
10, 10, 10, 11, 11, 12, 17, 18, 97
11, 11, 13, 14, 18, 39, 46, 75, 128, 240, 866
10, 11, 11, 13, 14, 18, 31, 37, 68, 108, 238, 384
26, 31, 39, 105
11, 11, 12, 13, 13, 15
12, 16, 19, 27, 29, 52, 115, 210, 297, 1486, 4245
10, 12, 12, 14, 14, 14, 15, 17, 18, 18, 38, 40, 153
10, 11, 11, 12, 17, 21, 25, 36, 85
12, 13, 19, 24, 46, 46, 69, 473
10, 10, 10, 10, 11, 13, 16, 16, 20, 24, 124, 306
10, 11, 16, 18
10, 11, 12, 14, 16, 20, 38, 264
10, 11, 11, 14, 17, 24, 27, 28, 30, 41, 71, 79, 99, 637
10, 10, 10, 10, 10, 11, 11, 11, 12, 13, 13, 21
11, 11, 13, 18, 28
13, 19, 30, 616
10, 10, 10, 13, 21, 680
13, 13, 15, 19, 58
10, 11, 13, 34
10, 10, 10, 10, 11, 12, 15, 29, 33, 53
10, 11, 11, 13, 19, 29, 30, 32, 37, 45, 87, 90
10, 11, 11, 13, 16, 24, 24, 35
10, 10, 16, 17, 24, 140
69, 189
11, 11, 12, 12, 14, 16, 20, 21, 25, 26, 277, 357
11, 15, 22, 26
10, 10, 11, 13, 23, 35, 43, 47, 54, 60, 101
10, 10, 10, 11, 12, 16, 16, 58, 67
10, 10, 10, 11, 11, 12, 15, 17, 26, 34, 40, 48
11, 12, 15, 16, 24, 27, 33, 48, 58, 138, 196, 491, 531
10, 10, 13, 13, 15, 21, 22, 23
11, 12, 13, 15, 16, 18, 19, 23, 33, 33, 78, 105
10, 14, 15, 18, 25, 27, 97
10, 12, 17, 18, 21, 56, 71, 83
10, 11, 11, 12, 14, 17, 26, 36, 44, 53, 56, 178, 519
11, 12, 25, 30, 42, 58, 77, 113, 779
12, 12, 13, 25, 27
10, 10, 10, 11, 11, 11, 12, 29, 47, 71, 171
10, 11, 20, 47, 147
13, 14, 20, 54
10, 10, 10, 11, 14, 40, 332
15, 17, 20, 20, 48
16, 18, 21, 47, 168, 241, 3216
10, 10, 10, 10, 11, 13, 14, 20, 22, 42, 59
11, 13, 15, 16, 19, 33, 52
10, 10, 10, 10, 11, 12, 28, 29, 50
10, 13, 15, 17, 46, 49
10, 10, 10, 11, 27, 27, 38, 435, 1481
10, 10, 11, 12, 13, 16, 18, 19, 27, 28, 209
10, 11, 11, 13, 18, 21, 23, 55, 130, 272
10, 10, 10, 10, 12, 14, 23, 43
10, 11, 13, 32
10, 11, 11, 13, 17, 18
10, 10, 11, 11, 15, 34, 39, 42, 44, 83
11, 14, 21, 26, 30, 34, 89
10, 10, 15, 15, 15, 16, 20, 24, 47, 224, 342
11, 12, 13, 21, 22, 68, 151, 154
10, 12, 22, 22, 25, 33, 216
10, 10, 10, 10, 11, 20, 26, 82
10, 11, 170
10, 10, 10, 10, 10, 11, 11, 12, 12, 14, 22, 29, 52
17, 29
10, 10, 10, 11, 11, 12, 20, 25, 25
10, 10, 16, 18, 38, 46, 72, 270
10, 10, 13, 281, 847
12, 13, 14, 16, 20, 361, 436, 815, 3864
10, 10, 10, 11, 11, 11, 12, 18, 25, 43, 57, 103
16, 23, 26, 49, 233, 295
10, 11, 11, 12, 14, 20, 21
10, 11, 31
10, 10, 11, 15, 58
11, 13, 19, 24, 28, 146, 248, 520, 2704
10, 10, 10, 10, 10, 11, 13, 16, 21, 53, 62, 76, 350
10, 10, 10, 11, 12, 21
11, 13
10, 11, 11, 12, 17, 18, 20, 27, 62, 66
11, 11, 11, 12, 15, 23, 35, 289
10, 10, 10, 10, 10, 11, 11, 13
15, 20, 22, 24, 24, 25, 31, 98, 112, 529
12, 16, 17, 23, 42, 55, 62, 183, 265, 1594
10, 10, 10, 10, 12, 19, 19, 25, 117, 122
10, 10, 11, 11, 19, 35, 504
10, 12, 12, 13, 15, 16, 166
10, 10, 12, 12, 13, 20, 26, 153
10, 14, 19, 44, 1774
10, 10, 10, 10, 11, 26, 61
10, 10, 11, 11, 12, 16, 18, 18, 22
11, 11, 16, 24, 24, 25, 27, 61, 66, 98, 189
50, 1912
10, 12, 12, 13, 16, 16, 17, 19, 19, 29, 38, 41, 87, 105
10, 11, 14, 31, 47
10, 11, 13, 20, 26, 39
10, 10, 10, 11, 11, 11, 12, 13, 15, 15, 16, 20, 34, 78
13, 16, 20, 32, 45, 52
11, 12, 14, 15, 24, 25, 28, 35, 206, 731
11, 13, 20, 94, 95, 136, 169, 223
10, 10, 11, 11, 13, 13, 16, 17, 17, 30, 57
13, 13, 14, 15, 33, 81, 99, 324, 1663
10, 10, 11, 11, 16, 18, 22, 23, 26, 51, 52, 55, 111, 213
15, 17, 21, 43, 54, 109, 357, 364, 373, 655, 3853
10, 10, 10, 14, 25, 40
21, 21, 23, 25, 26, 31, 61
10, 10, 11, 11, 13, 13, 15, 21, 30, 38, 209, 549
10, 10, 11, 11, 12, 835
12, 31
10, 11, 11, 11, 11
10, 10, 11, 11, 11, 15, 17, 18, 20, 43, 165, 250
11, 13, 16, 19, 134, 139, 179, 257, 446
12, 12, 15, 16, 30, 38, 161, 413, 425
14, 19, 24, 37, 38, 74, 180, 401, 767, 1064
10, 11, 16, 34, 34, 103, 182, 701, 2717, 4284
10, 10, 11, 11, 12, 13, 15, 254, 435
21, 26, 96, 668
10, 11, 12, 13, 81
10, 11, 11, 12, 13, 17, 19, 25, 42, 48, 225, 269
59, 107, 596, 730
11, 15, 22, 28, 28, 72, 98, 112, 160, 191, 201
11, 14, 22, 22, 28
13, 21, 22, 58, 151, 169, 430, 468, 639, 756
22, 23, 28
10, 11, 11, 16, 17, 35
10, 10, 10, 11, 15, 18, 23, 34, 36, 38, 73, 106
12, 13, 18, 20, 27, 45, 83, 87, 709
12, 17, 21, 22, 135, 191, 260, 276
10, 10, 11, 12, 25
10, 15, 34, 51, 147, 303
10, 10, 10, 10, 10, 11, 11, 24, 40
11, 17, 19, 70, 74, 89, 485
12, 14, 18, 31
11, 14, 14, 27, 134
10, 10, 10, 10, 10, 10, 13, 13, 13, 26, 34, 45, 267, 940
11, 11
14, 25, 78
46, 47, 76, 2626
10, 11, 12, 13, 30, 1139
11, 15, 15, 74, 206
14, 18, 18, 20, 21, 85, 125, 307, 312, 494, 657
10, 14, 20, 24, 26, 45, 70, 164, 220
10, 10, 13, 15, 16, 20, 20, 21, 26, 27, 29, 81, 97, 232
10, 10, 10, 10, 10, 11, 12, 21, 31, 77, 83
10, 10, 11, 15, 20, 48
11, 12, 24, 57, 182, 428
10, 11, 11, 11, 15, 19, 24, 26, 30, 39, 122, 514
10, 10, 10, 11, 12, 12, 12, 13, 14, 21, 43
19, 22
10, 10, 10, 11, 11, 11, 11, 12, 31, 32
11, 18, 19, 29, 518, 1183
11, 12, 13, 14, 17, 35
10, 10, 11, 11, 11, 13, 15, 15, 16, 23, 29, 60, 66
10, 10, 11, 11, 12, 12, 13, 15, 15, 16, 22, 112
10, 10, 11, 11, 11, 16, 16, 22, 25, 57, 117
13, 17, 82, 213, 267
10, 10, 12, 22, 40
10, 10, 11, 11, 12, 16, 17, 19, 61, 63
10, 10, 10, 11, 12, 14, 25, 31, 33, 58, 60
10, 10, 10, 12, 18, 18, 20, 25, 43
10, 11, 11, 102
12, 13, 16, 17, 26, 28, 37, 205, 214, 867
10, 10, 10, 10, 12, 17, 29, 31, 40, 65, 188
10, 11, 11, 12, 12, 17, 27, 34, 140, 148
10, 10, 10, 10, 10, 11, 12, 29
11, 12, 14, 19, 28, 29
10, 10, 11, 14, 17, 252, 278
10, 24
10, 10, 10, 11, 13, 17, 27, 28, 49, 72
31, 40, 113, 150, 251, 753
11, 12, 14, 19, 34, 40, 154, 279, 980
10, 14, 21, 35
24, 30, 38, 43
11, 11, 12, 15, 30
10, 10, 11, 12, 12, 13, 21, 38
11, 11, 16, 17, 18, 20, 33, 39, 342, 558
11, 13, 14, 15, 16, 20, 20, 20, 24, 26, 162, 171, 824
10, 10, 12, 12, 12, 16, 17, 21, 23, 33, 40, 42, 146
10, 10, 10, 10, 10, 11, 11, 12, 15, 16, 21, 28, 85, 652
10, 11, 13, 13, 144, 344
10, 10, 10, 10, 10, 11, 74, 123, 157
11, 23, 156, 175
10, 11, 11, 11, 12, 33, 47, 66
15, 18, 21, 23, 647
10, 10, 11, 12, 14, 14, 41, 46, 81
14, 20, 21, 22, 54
10, 10, 10, 10, 11, 12, 17, 26, 42, 51, 114, 218
12, 12, 12, 13, 19, 20, 20, 42, 60, 173, 266, 378
10, 10, 11, 11, 13, 14, 15, 15, 17, 25, 37
10, 10, 10, 10, 12, 12, 21, 258
10, 12, 13, 18, 24, 28, 295
11, 14, 15, 17
11, 12, 12, 13, 18, 18, 32, 50, 63, 65
10, 18, 19
10, 11, 11, 13, 13, 14, 17, 18, 25, 37, 63, 88, 295
13, 37, 55
10, 12, 14, 15, 16, 25, 49, 54, 79, 119, 141
14, 15, 16, 17, 19, 29, 34, 111, 268, 285
10, 11, 12, 16, 19, 31, 54, 92, 121, 1440, 2751
10, 10, 13, 15, 20, 25, 26
11, 13, 26
13, 13, 14, 15, 16, 30, 33, 57, 62, 76, 195, 2929
10, 10, 12, 24, 27
10, 10, 11, 11, 15, 144
10, 10, 18, 20, 25, 37
10, 10, 10, 11, 11, 12, 12, 28, 31, 104, 152
10, 11, 11, 12, 13, 128
10, 10, 12, 13, 24, 53, 71, 137, 144, 336, 407, 1116
10, 11, 11, 17, 18, 21, 30, 38, 288
10, 11, 11, 14, 17, 19
14, 17, 18, 21, 33, 53, 64, 300, 376, 566
10, 10, 10, 12, 12, 13, 14, 19, 21, 22, 24, 72
10, 12, 17, 17, 19, 31, 41, 79, 103, 119, 125, 158, 731
10, 10, 11, 11, 11, 12, 19, 39, 65, 82, 180, 267, 316
11, 11, 12, 14, 16, 22, 34, 53, 86, 188, 461, 467
10, 10, 10, 11, 11, 12, 17, 20, 32
11, 14, 18, 22, 55, 67, 105, 263, 463
10, 10, 10, 11, 14, 35, 43
10, 10, 11, 13, 14, 35, 80
26, 33, 95, 217, 454
10, 11, 12, 12, 16, 21, 24, 24, 24
10, 20, 27, 217
12, 23, 28, 36, 47
10, 19, 20, 20, 209, 219
28, 110, 670
10, 10, 10, 11, 13, 14, 28, 32, 68, 73, 93, 255, 677
14, 17, 19, 25, 31, 39, 65, 85, 164, 167, 180, 194
10, 10, 10, 10, 24, 32, 257, 2422
10, 10, 10, 10, 11, 11, 12, 14, 26, 63
10, 13, 14, 17, 17, 27, 76
10, 10, 10, 16, 16, 17, 604
10, 11, 11, 12, 12, 13, 14, 20, 23, 33, 39, 79, 98, 109
11, 12, 13, 13, 15, 19, 43, 54, 73
17, 17, 26, 53, 75, 82, 465, 837
10, 11, 11, 12, 13, 13, 13, 15, 34, 64, 113, 231
10, 10, 10, 10, 10, 11, 11, 12, 13, 14, 14
21, 23, 42, 91, 728
10, 10, 10, 10, 14, 15, 16, 21, 32, 35, 205
10, 11, 18, 43, 69, 175, 3493
11, 23, 31
11, 14, 15, 33, 37, 61, 61, 103, 281, 298
10, 10, 10, 13, 32, 36, 37, 98, 140, 595
11, 19, 25, 27
10, 10, 10, 10, 11, 12, 14, 16, 18, 47, 253, 334
11, 30, 48
10, 10, 10, 10, 10, 12, 14, 15, 21, 22, 66
11, 11, 11, 11, 12, 12, 26, 32, 61, 659
10, 10, 11, 12, 36
11, 12, 15, 20, 24, 28, 59, 75, 105, 188, 404
12, 14, 16, 19, 31
13, 13, 14, 19, 19, 28
10, 10, 11, 11, 13, 214
10, 10, 11, 12, 12, 15, 24, 31
10, 10, 12, 21, 27
10, 10, 11, 11, 12, 13, 18, 27, 49, 136
15, 25, 290
12, 19, 26, 26, 41, 72, 84, 113, 261, 267, 517
12, 14, 17, 17, 41, 47, 49, 124, 281, 632, 1074
11, 14, 15, 29, 34, 74, 293
10, 24, 25, 118
10, 11, 73
11, 11, 12, 12, 12, 19, 20, 22, 29, 29
11, 13, 14, 14, 15, 15, 16, 20, 127, 142, 164
11, 11, 12, 12, 26
10, 10, 11, 14, 16, 16, 26, 30, 46, 65
12, 17, 39, 41, 47, 83, 108, 161, 167, 204, 559, 625
11, 12, 29, 30, 144, 151
10, 10, 14
11, 12, 13, 16, 38
10, 10, 10, 11, 11, 11, 12, 17, 95
10, 10, 11, 11, 13, 19, 19, 20, 22, 24, 31, 46, 64
10, 10, 11, 12, 12, 13, 13, 14, 27
11, 16, 21, 24, 86, 118, 619, 712, 909, 1052
13, 15, 28, 47, 72, 86, 143, 154, 290, 395
16, 18, 25, 34, 41, 44
13, 17, 63, 71, 121
10, 11, 11, 11, 12, 13, 14, 17, 20, 520
10, 11, 12, 19, 75, 75, 92
11, 16, 16, 16, 17, 22, 29, 37, 61
10, 10, 11, 13, 13, 14, 19, 38, 49, 115, 221
17, 19, 19, 22, 30, 32, 92, 115
10, 10, 10, 11, 19, 22, 26, 96, 131, 267, 479
11, 18, 22, 24, 35, 42, 49, 68, 194
18, 38
10, 12, 12, 14, 19, 22, 31, 38, 67, 77
12, 32, 33, 82, 134, 370, 471, 1236
10, 11, 12, 13, 15, 16, 17, 18, 24, 33, 42, 210
10, 10, 10, 10, 10, 10, 11, 11, 27, 106
10, 11, 11, 11, 12, 13, 13, 17, 19, 22, 78
11, 23, 30
10, 11, 25, 49, 151
11, 13, 15
13, 16, 18, 27, 73, 134
10, 10, 10, 10, 10
10, 11, 13, 15, 25, 62, 106
10, 15, 17, 17, 362, 421
10, 10, 21, 54, 94, 161
11, 26, 28, 37, 55
10, 10, 11, 11, 12, 14, 34
11, 15, 15, 17, 90
10, 11, 11, 12, 15, 15, 17, 39, 144, 392
11, 26
10, 11, 11, 11, 13, 13, 14, 26, 33, 37, 43, 90, 116, 464
13, 13, 20, 46, 66, 138, 144
10, 15, 20, 37, 61, 93, 124, 318, 337, 452, 1270
11, 12, 13, 15, 16, 20, 26, 30, 32, 33, 74, 100, 241
11, 11, 16, 17, 51, 841
10, 12, 13, 31, 32
14, 15, 18, 19, 19, 20, 24, 31, 39, 80, 117
35, 47, 352, 1424
38, 145, 220, 225, 1880
10, 11, 11, 11, 13
10, 10, 10, 10, 11, 12, 12, 25, 28
10, 16, 17, 22, 39, 42, 57, 128, 136, 139, 287
15, 134
10, 10, 10, 10, 11, 11, 11, 13, 14, 15, 31, 42, 60
11, 14, 15, 16, 17, 20, 60, 100, 101, 229, 3423
10, 27, 28
10, 11, 11, 11, 11, 11, 18, 29, 58, 69
10, 10, 10, 10, 10, 12, 13, 60, 62
12, 15, 18, 18, 20, 23, 24, 29, 31, 32, 429
10, 16, 91, 96, 121, 903, 1654
10, 11, 11, 11, 11, 14, 14, 20, 24, 45, 62, 67
10, 10, 11, 11, 15, 20, 26, 34, 186, 488
10, 10, 11, 12, 59, 79
10, 14
10, 10, 10, 727
15, 16, 18, 26, 30, 31, 78, 132, 205, 279, 3536
10, 10, 12, 16, 18, 31, 112, 296, 498
10, 13, 13, 16, 16, 18, 18, 26, 28, 35
11, 14, 16, 19, 23, 26, 35, 39, 43, 50, 68, 105
11, 14, 18, 22, 147, 335
11, 12, 12, 19, 22, 29, 265
10, 12, 17, 22, 44, 47, 130
11, 14, 15, 26, 50, 74, 76, 226, 296, 677, 3080
10, 11, 11, 11, 14, 14, 19, 24, 28, 28, 38, 295
10, 10, 14, 15, 16, 17, 45, 48, 53
10, 10, 10, 10, 10, 11, 13, 14
10, 19, 21, 40, 215
10, 11, 13, 13, 21, 32, 84, 196
11, 24, 30, 38, 50, 89, 92
10, 10, 16, 24
14, 14, 14, 14, 14, 18, 21, 22, 35, 40, 45, 120, 363
13, 16, 41, 47, 61, 164, 295, 316, 463, 563
10, 12, 17, 25, 71, 79, 90, 145, 253
10, 11, 16, 17, 30, 32, 33, 33, 39, 172, 209, 843
10, 10, 11, 11, 11, 11, 15, 16, 16, 19, 66, 119
11, 12, 15, 17, 145, 176
10, 10, 27, 32, 1121, 1260
11, 11, 12, 14, 15, 27, 28, 144, 769
14, 20, 113, 123, 321
10, 10, 13, 13, 19, 20, 21, 27, 39, 49, 61, 78
10, 10, 10, 12, 19
11, 11, 13, 19, 21, 25, 26, 28, 52
10, 10, 10, 10, 11, 12, 13, 27, 30, 132, 441
10, 11, 13, 26, 49, 60
11, 12, 14, 17, 17, 17, 21, 59, 331
10, 10, 10, 11, 12, 12, 12, 17, 28, 55, 185
10, 14
12, 13
11, 12, 12, 14, 27, 40
11, 11, 15, 170
10, 10, 10, 12, 12, 12, 16, 17, 18, 27, 38, 44, 56, 85
10, 10, 10, 11, 17, 61, 269, 280, 495
10, 10, 11, 13, 20, 82, 106, 122
10, 11, 11, 13, 13, 18, 18, 52, 70, 101
15, 19, 22, 38, 171
10, 10, 10, 10, 11, 11, 12, 15, 18, 33, 42, 43, 85, 129
13, 58
11, 13, 13, 14, 16, 22, 30, 31, 42, 70, 90, 142
10, 17, 17
10, 11, 13, 46, 47
12, 12, 12, 21, 24, 30, 44, 50, 52, 74, 76
10, 10, 10, 10, 10, 12, 26, 132
10, 10, 10, 11, 11, 17
12, 15, 20, 35, 100, 277, 347, 404
11, 13, 17, 51
10, 10, 10, 11, 11, 12, 15, 18, 23, 32, 52, 53, 53
11, 12, 12, 16, 19, 28, 33, 87
11, 11, 11, 11, 20, 20, 41, 110, 168
12, 13, 13, 16, 26, 27, 28, 40, 99, 700
10, 12, 13, 19, 22, 34, 462
10, 10, 12, 12, 14, 16, 19, 28, 35, 59
12, 15, 15, 27, 132, 231, 281
10, 11, 12, 15, 17, 19, 29, 29, 38, 154
10, 10, 10, 10, 13, 16, 37, 39, 42, 50, 188
12, 21, 196
12, 12, 15, 16, 17, 18, 48, 55, 56, 171
10, 10, 11, 11, 12, 32
11, 11, 12, 14, 39, 44, 61, 95, 258, 1638
10, 14, 19, 27
14, 38, 52, 87, 94, 108, 239, 280, 624, 1127, 2396
10, 10, 10, 10, 11, 11, 14, 14, 15, 38, 1130
10, 10, 11, 12, 14, 14, 15, 15, 16, 16, 22, 49
12, 36, 3921
10, 11, 11, 12, 14, 14
12, 15, 18, 19, 20, 21, 21, 22, 47, 60, 63, 111, 937
19, 124
10, 12, 19, 19, 27, 28, 43, 77, 94, 292, 707, 1090
11, 14, 23, 28, 164, 264
10, 10, 10, 10, 11, 13, 14, 16, 21, 35, 164, 1303
11, 12, 14, 14, 17, 18, 33
12, 29, 41, 211
25, 40
10, 11, 16, 41
10, 10, 13, 14
10, 10, 10, 10, 10, 11, 11, 12, 13, 13, 34
14, 15, 27, 28, 29, 37, 54, 99, 268
11, 11, 11, 11, 13, 13, 21, 23, 33, 36, 42, 45, 246, 320
10, 10, 10, 11, 14, 17
10, 16, 29, 30
11, 135
10, 11, 14, 14
10, 10, 11, 17, 19, 19, 22, 26, 33, 38, 41, 44, 66
10, 15, 45, 80
11, 11, 26
11, 12, 12, 13, 16, 18, 35, 418
10, 10, 10, 11, 12, 13, 16, 17, 34, 41, 50, 50, 145, 156
10, 11, 11, 16, 16, 24, 30, 31, 35, 56, 138, 195, 961
10, 11, 13, 14, 15, 15, 19, 72, 96, 434
12, 20, 28, 33, 98
10, 10, 12, 21, 35, 108, 166
10, 10, 10, 12, 19, 34, 99
11, 15, 29, 39, 214, 336
10, 14, 18, 26, 27, 33, 82, 89, 122, 164, 349, 2928
15, 16, 16, 16, 17, 19, 39, 46, 58, 81, 88, 93, 149, 470
10, 10, 10, 11, 11, 12, 13, 14, 21, 21, 61, 332
11, 11, 15, 18, 23, 24, 73, 82, 329, 545
10, 10, 10, 10, 10, 14, 26, 43, 47
10, 10, 10, 11, 11, 11, 14, 15, 23, 44, 71, 91
11, 29, 38, 76, 86
10, 11, 12, 13, 15, 32
16, 17, 22, 23, 42, 114, 370, 506, 539, 779
10, 16, 17, 43, 345
21, 22, 40, 53
12, 13, 15, 16, 17
10, 11, 12, 35, 91, 119
12, 12, 12, 14, 14, 15, 19, 19, 28, 89, 214, 260
11, 12, 14, 19, 26, 168
10, 12
11, 34, 45, 53
10, 10, 11
10, 10, 10, 10, 10, 12, 23, 46
14, 17, 26, 46
10, 10, 10, 13
12, 13, 13, 13, 16, 16, 23, 113, 121, 1605, 2545
15, 16, 18, 22, 29, 59, 77, 78
10, 10, 11, 12
10, 10, 12, 27, 30, 36, 49, 217
10, 14, 15, 16, 27
10, 12, 13, 16, 21, 27, 43, 72
10, 11, 11, 12, 14, 15, 34, 166
10, 11, 12, 14, 14, 15, 17, 39, 52, 72, 184, 413
12, 14
10, 10, 12, 14, 16, 17, 27, 39, 57, 92, 105
10, 10, 11, 11, 11, 11, 12, 13, 19, 113, 419
12, 13, 14, 15, 101, 137
13, 18, 19, 38, 39, 45, 121, 133, 424, 4604
11, 11, 17, 17
14, 18
10, 10, 11, 11, 12, 18
10, 11, 19, 21, 21
10, 10, 11, 12, 12, 14, 25, 30, 31, 72, 89, 244
10, 11, 12, 13, 13, 37, 67, 68, 83, 123, 194
10, 10, 11, 12, 12
10, 10, 11, 11, 14, 15, 20, 26, 29, 210
12, 21, 81, 229
10, 29, 33, 45, 57, 61, 82, 551, 610, 3125
10, 11, 11, 11, 12, 24
11, 12, 13, 14, 16, 25
10, 10, 23, 26, 43
10, 12, 13, 21, 24, 25, 60, 62, 169, 299
25, 51, 56, 195, 222
11, 23, 37, 45, 89
11, 11, 12, 15, 15, 16, 33, 47, 159, 295
12, 13, 14, 17, 51, 64, 115, 314
10, 10, 12, 12, 25, 36, 83, 135
12, 16, 24, 25, 32, 39, 52, 81, 166
10, 10, 10, 12, 39, 84, 95, 354
10, 10, 10, 11, 12, 12, 18, 28, 29, 52
10, 14, 21, 31, 35, 41, 42, 45, 57, 87
10, 10, 10, 10, 10, 11, 12, 12, 16
11, 12, 15, 15, 33, 38
11, 17, 151
16, 17, 18, 21, 22, 24, 44, 70, 230
10, 10, 10, 10, 11, 11, 11, 52, 53, 114
14, 14, 18, 25, 33, 113, 168
17, 19, 20, 20, 25, 45, 74, 82
26, 35, 50, 52, 57, 134, 1081
10, 11, 11, 11, 12, 18, 23, 28, 30, 63, 171
18, 18, 22, 32, 37, 108
10, 10, 12, 18
12, 37, 53, 61, 62
10, 10, 11, 13, 14, 15, 23, 30, 33, 40, 43, 53
14, 14, 15, 16, 22, 31, 32, 37, 40
10, 10, 10, 10, 10, 12, 13, 23, 25, 94, 124
11, 12, 12, 18, 22, 31, 35, 61, 69
10, 11, 12, 14, 14, 19, 26, 32, 37, 50, 2377
13, 14, 18, 26, 27, 28, 32, 452
13, 17, 29, 53, 809, 968, 3320
10, 10, 10, 12, 12, 12, 13, 14, 20, 26, 35, 43, 120
11, 12, 15, 16, 34, 41, 56, 113, 173
10, 10, 10, 10, 10, 11, 11, 12, 14, 15, 28
10, 11, 13, 15, 16, 26, 26, 32, 35
10, 10, 25, 112, 121, 334
10, 14, 55, 116, 332
12, 12, 35, 91, 129, 180, 197, 248, 310, 342, 748
11, 13, 26
10, 10, 11, 12
10, 18, 25, 34, 40, 151, 165
10, 11, 14, 28, 276
11, 12, 13, 15, 19, 19, 26, 31, 118, 3186
10, 10, 10, 13, 17, 19, 60, 62
13, 13, 14, 17, 18, 20, 45, 113, 172, 194, 628, 679
10, 12, 12, 12, 13, 13, 14, 20, 23, 216, 423
13, 20, 78, 158, 494
10, 11, 11, 13, 15, 15, 17, 19, 28, 30, 866, 3018
11, 20, 38, 66
11, 32, 43
16, 18, 19, 21
10, 10, 10, 11, 11, 14, 15, 43, 47, 68, 90, 137, 164, 198
39, 201
10, 10, 10, 10, 11
10, 10, 18, 156
11, 13, 15, 28, 28, 62, 148, 708, 1126
10, 11, 11, 12, 12, 12, 15, 23, 37, 126
11, 11, 14, 21, 36, 47
11, 11, 12, 28, 165
10, 10, 11, 24, 28
11, 12, 12, 13, 16, 17, 18, 34, 111
10, 11, 12, 13, 13, 13, 14, 22, 40, 116, 119
10, 11, 12, 15, 16, 23, 24, 31, 56, 67, 208
10, 11, 11, 14, 21, 21, 21, 30, 118, 156
19, 261
13, 53, 69, 77, 661, 740
11, 11, 11, 11, 18, 20, 28, 86, 151
11, 13, 15, 17, 17, 20, 32, 34, 61, 100, 442
10, 11, 12
10, 11, 12, 13, 21, 27, 40, 45, 46, 52, 626
10, 10, 12, 16
10, 11, 13, 21, 21, 124
11, 12, 15, 82, 93
11, 11, 12, 12, 13, 18, 85, 224, 1030, 2720
14, 16, 17, 19, 19, 22, 24, 26, 94
10, 10, 10, 10, 11, 14, 16, 16, 17, 23, 26, 27, 180
10, 10, 12, 12, 18, 27, 32, 35, 41, 45, 46, 197, 289
10, 10, 10, 11, 30
10, 10, 11, 11, 11, 21, 22, 25, 34, 48, 222, 419
13, 13, 16, 18, 33
14, 20, 21, 27, 42, 91, 566, 2106
10, 12, 12, 13, 14, 14, 15, 16, 42
10, 12, 16, 17, 20
11, 12, 13, 13, 14, 24, 26, 59
11, 12, 46
11, 11, 11, 16, 18, 22, 47, 56, 59, 730
10, 11, 12, 14, 18, 20, 21, 32, 52, 218
10, 11, 14, 14, 20
10, 10, 10, 10, 11, 11, 11, 12, 17, 18, 95
11, 12
10, 10, 12, 12, 14, 14, 20, 48
11, 19, 26, 34, 69
12, 13, 17, 35, 669
11, 13, 21, 28, 34, 61, 2913
12, 17, 26, 30
10, 10, 11, 11, 28, 30, 93, 263
10, 11, 11, 11, 12, 12, 12, 15, 75
10, 11, 11, 12, 20, 21, 23, 27, 30, 36, 40, 48, 55
12, 18, 19, 19, 92, 231, 977
12, 14, 16, 19, 20, 28, 35, 133
10, 10, 11, 15, 15, 17, 49, 63, 176
10, 12, 43, 54
11, 13, 28, 32, 43, 47, 49, 420
10, 20, 23, 24, 40, 44, 298
10, 10, 10, 11, 11, 12, 13, 14, 22, 30, 33, 61, 154
11, 12, 12, 16, 16, 20, 63, 68, 94, 175, 774
12, 13, 390, 613
10, 10, 11, 11, 11, 11, 12, 19, 19, 19, 21, 29, 44, 58
10, 10, 10, 11, 14, 30, 74, 115, 184
11, 13, 13, 16, 18, 42, 121
10, 10, 11, 12, 12, 14, 34, 39, 47, 146, 196
14, 17, 17, 20, 21, 40, 41, 46, 49, 115, 180, 201
11, 14, 17, 20, 22, 115, 131, 649, 1353
10, 10, 14, 21, 43, 384
28, 30, 38, 108, 469
10, 12, 13, 22, 42, 485
10, 13, 18, 24, 37, 38, 41
11, 13
10, 13, 14, 19, 22, 23, 25, 29, 223
10, 10, 11, 11, 12, 15, 17, 24, 41, 49, 54, 184, 206
10, 10, 10, 11, 13, 14, 34, 40, 56, 221
14, 15, 19, 19, 22, 130, 134, 136
11, 12, 12, 12, 13, 19, 27, 32, 53, 77, 128, 212
10, 10, 10, 10, 10, 10, 11, 11, 13, 18, 28, 31, 34
10, 10, 10, 11, 11, 11, 13, 15, 23, 27, 38, 299, 1763
11, 14, 15, 16, 18, 47, 72, 180, 266
10, 12, 18
12, 16, 16, 19, 21, 24, 26, 27, 60, 87, 135, 490
11, 11, 13, 15, 74, 87, 139, 434
13, 25, 116, 486, 861
10, 10, 10, 10, 11, 23, 45
11, 11, 11, 12, 13, 14, 15, 17, 35, 42
11, 12, 12, 13, 14, 14, 28, 29, 43, 144, 237, 907, 2834
13, 15, 27
15, 20, 35, 45, 65, 251
13, 14, 15, 28, 30, 31, 36, 65, 82, 143, 277, 537, 1633
10, 18, 23, 29, 48, 59
10, 10, 10, 12, 12, 13, 14, 15, 33, 68
13, 13, 14, 18, 24, 27, 56, 92
10, 11, 13, 16, 17, 62, 90, 97, 255, 283, 4746
10, 10, 14, 16, 37, 93, 139
11, 14, 18, 22
10, 10, 10, 10, 10, 10, 10, 10, 12, 12, 15, 19, 44
12, 12, 14, 14, 52, 59, 348, 3937
13, 17, 33, 43, 145, 196, 237, 301, 352, 501, 753, 3554
10, 10, 10, 10, 10
11, 11, 11, 18, 27, 138
14, 40
10, 12, 16, 21, 37, 90, 153, 301, 374, 651
11, 11, 12, 14, 15, 18, 21, 22, 24, 38, 53
13, 19, 24, 34, 54, 59, 77, 96, 178
14, 16, 45, 98, 208
11, 11, 13, 19
11, 11, 12, 13, 13, 14, 20, 23, 25, 31, 112
10, 10, 11, 11, 12
18, 19, 19, 29, 49, 61, 87, 150, 2334
10, 13, 13, 14, 15, 17, 19, 29, 54, 91, 97, 105, 172
12, 12, 12, 15, 16, 17, 19, 72, 511
11, 11, 20, 31, 61, 80, 95, 190, 2328, 3487
10, 10, 10, 10, 11, 11, 13, 13, 15, 25, 69
12, 12, 14, 15, 15, 21, 28, 42, 45, 288, 431
10, 12, 24, 233, 1777, 2005
10, 10, 10, 10, 10, 11, 12, 19, 23, 26
10, 10, 10, 14, 326, 575
12, 37, 419, 737, 1548
10, 10, 13, 13, 14, 15, 27, 28, 49, 58
13, 23, 24, 43, 190, 235, 877, 3410, 3915
10, 10, 11, 11, 14, 15, 15, 17
11, 11, 16, 18, 20, 20, 21, 32, 36, 173, 207, 357
12, 21, 34, 71
10, 10, 10, 10, 11, 13, 14, 15, 17, 25
10, 10, 11, 13, 14, 25, 35, 42
12, 14, 37, 44, 92, 223
10, 64
11, 14, 17, 17, 20, 23, 33, 210, 1308, 2311
10, 10, 11, 12, 12, 13, 14, 24, 74
10, 10, 10, 10, 10, 11, 11, 15, 16, 24, 390
12, 16, 19, 60, 88
11, 21, 40, 42, 72, 105
10, 11, 12, 12, 28, 28, 174, 212
10, 10, 10, 11, 22, 27, 39, 41, 42, 45, 54
16, 16, 23, 27, 29, 29, 33, 37, 37, 184, 348
15, 15, 19, 19, 21, 29, 31, 37, 41, 58, 201
11, 12, 30, 36, 95, 134, 431
10, 10, 11, 12, 13, 37, 340, 3541
10, 10, 10, 14, 16, 52, 268, 290
11, 13, 33
11, 13, 14, 135
10, 11, 12, 12, 12, 14, 17, 18, 24, 65, 70, 82, 219, 1748
10, 12, 13, 146, 174
10, 11, 11, 11, 13, 27, 43, 46, 47, 72, 121
14, 17, 18, 19, 26, 51, 70, 112, 139, 562
10, 12, 13, 18, 18, 20, 42
10, 10, 10, 12, 19, 23
14, 20, 21, 155
12, 15, 16, 16, 20, 21, 23, 24, 28, 87, 145
10, 10, 11, 12, 13, 13, 16, 39, 48, 65, 66, 271
12, 13, 13, 13, 14, 14, 17, 19, 51, 79, 119, 270, 470
10, 10, 11, 11, 11, 11, 11, 11, 11, 12, 12, 13, 21, 314
10, 10, 10, 12, 12, 12, 15, 42, 94, 104, 223, 230
12, 16, 25, 26, 59, 69, 79, 90, 313, 338, 542
10, 10, 10, 10, 11, 11, 23, 155, 174
10, 12, 22, 32, 75, 157
11, 11, 11, 11, 11, 13, 16, 18, 19, 20, 23, 291
10, 11, 13, 15, 15, 16, 24, 25, 77, 231, 285
10, 14, 17, 17, 24, 37, 65, 113, 188
12, 27, 149, 187
11, 12, 15, 16, 18, 21, 26, 34, 69, 77, 109, 114, 511
11, 12, 13, 14
10, 24, 52, 154
12, 13, 14, 16, 45, 75, 93, 206, 626, 1189
10, 13, 15, 15, 16, 19, 27, 36, 44, 46, 74
10, 10, 10, 10, 10, 11, 14, 27, 33, 66
11, 12, 18, 26, 31
10, 11, 11, 13, 13, 35, 37, 55, 55, 176, 1699
10, 11, 14, 33
10, 10, 11, 11, 12, 14, 28, 58, 214, 858, 1009
10, 10, 10, 10, 10, 22, 28
13, 17, 21, 34, 120, 183, 245, 254, 266
11, 12, 12, 16, 1328
10, 10, 12, 12, 42, 69
13, 15, 22, 24, 27, 28, 76, 81, 87, 88, 383, 419
10, 11, 11, 13, 16, 17, 19, 44, 55, 131, 143, 146
10, 10, 10, 15, 16, 31, 1899
10, 10, 11, 13
10, 11, 12, 17, 56, 85
10, 11, 20, 42, 62, 92, 230
10, 13, 20, 38, 103, 117, 117, 125, 146, 155, 255
10, 10, 10, 11, 12, 12, 15, 30, 33, 64
14, 14, 53, 84, 86, 162
10, 13, 13, 16, 26, 222
11, 11, 17, 22, 23, 26, 29, 49, 234
10, 10, 10, 10, 11, 11, 12, 16, 17, 20, 32, 49
10, 11, 12, 12, 16, 26
10, 10, 11, 28, 75, 191, 227, 271, 678
10, 10, 10, 11, 11, 11, 12, 20
13, 15, 24, 38, 196, 231, 369, 394, 451, 455, 712
10, 11, 11, 12, 13, 13, 13, 13, 16, 24
10, 13, 14, 16, 23, 27, 40
10, 11, 11, 11, 12, 13, 18, 19, 277, 311
13, 17, 21, 27, 553
10, 11, 12, 15, 19, 96, 411
10, 10, 12, 12, 92, 604
10, 23, 25, 69, 69
10, 15, 20, 21, 22, 23, 31, 49, 96
11, 23, 385
10, 10, 10, 11, 14, 14, 16
10, 10, 10, 10, 10, 10, 12, 21, 25, 30
10, 10, 10, 10, 11, 12, 12, 12, 20, 50, 56, 110
11, 11, 41, 180
14, 20, 25, 47, 48, 104, 325, 448, 600
10, 11, 13, 27, 29, 275
12, 13, 24, 40, 86, 139, 316, 319, 381, 444
10, 11, 11, 13, 14, 14
13, 15, 18, 30, 65, 69, 115, 119, 130, 329, 409, 1485
12, 12, 17, 37, 126, 208
10, 11, 11, 13, 13, 24, 105
13, 18, 31, 46, 176, 1374
11, 12, 12, 14, 22, 61, 64, 83, 215, 274, 1537
13, 13, 64, 69, 156
42, 105, 1238, 1991
10, 11, 13, 13, 16, 20, 23, 28, 63, 372, 3758
10, 11, 11, 11, 11, 11, 12, 15, 20, 27, 45
10, 11, 23, 37, 42
10, 10, 10, 11
12, 84
10, 11, 14, 14, 15, 25, 84
10, 10, 10, 10, 10, 12, 14, 15, 17, 40, 97
27, 40, 53, 56, 96
11, 12, 12, 14, 31, 106
16, 18, 22, 32, 54, 56, 171, 320, 383, 559, 1122, 3394
15, 17, 23, 26, 34, 36, 42, 67, 75, 129
10, 10, 10, 10, 11, 12, 14, 15, 19, 22, 24
10, 10, 10, 12, 12, 13
10, 10, 11, 11, 13, 15, 16, 17, 25, 26, 39, 566, 3365
10, 10, 11, 11, 17, 20, 43, 57, 215, 239
11, 12, 13, 13, 33, 35, 40, 733
11, 11, 11
10, 10, 10, 10, 10, 12, 12, 15, 17, 1161
10, 10, 10, 10, 27
10, 10, 12, 14, 24, 26, 145, 698
12, 30, 46, 160, 242
10, 11, 12, 17, 19, 32, 54
10, 12, 14, 40, 41, 45, 53, 60, 67
12, 19, 31, 45, 58, 65, 180, 398
11, 12, 14, 79
12, 13, 13, 18, 21, 24, 55
14, 24
10, 12, 14, 14, 17, 17, 18, 20, 21, 22, 25, 31, 122, 1263
10, 10, 10, 11, 11, 14, 28, 31, 32, 33, 72, 194, 344
10, 10, 11, 27, 28, 36, 112, 1344
10, 11, 12, 12, 14, 19, 173, 342
10, 11, 14, 15, 18, 19, 20, 36, 86, 1074
11, 15, 45, 50, 93, 144, 257, 307, 312, 4094
10, 10, 10, 18
10, 10, 13, 18, 21, 22, 25, 26, 33, 37, 45, 45, 307
12, 13, 14
26, 29, 123
11, 13, 32, 59, 86, 92, 307, 310
10, 10, 13, 15, 19, 27
10, 10, 10, 10, 11, 11, 12, 13, 21, 30, 38, 46
11, 15, 15, 18, 23, 23, 25, 36, 95, 127, 194, 471, 638
12, 20, 25, 782
11, 11, 11, 13, 14, 15, 16, 29, 33, 43, 53, 163, 1041
14, 18, 21, 37, 84
10, 11, 11, 43, 46, 2601
10, 12, 44
10, 10, 12, 13, 21, 22, 34, 36, 47, 85, 130, 492
10, 10, 11, 12, 43
10, 10, 11, 11, 15, 20, 134, 223, 286, 544, 691
10, 10, 10, 10, 10, 11, 12, 17, 18, 25, 28, 32, 32, 34
11, 12, 17, 17, 19, 27, 32, 36, 114, 150, 161, 431
10, 10, 10, 11, 13, 29, 47, 90, 198, 220
10, 10, 10, 10, 12, 12, 12, 17, 17, 21, 32, 86, 89
12, 13, 15, 24, 25, 35, 52, 102, 103, 231, 360
11, 11, 15, 18
11, 12, 14
16, 78, 164
11, 15, 20, 30, 45, 76
11, 11, 11, 11, 11, 11, 11, 11, 22, 28, 162
10, 10, 10, 10, 11, 13, 15, 17, 25
12, 13, 16, 17, 18, 23, 26, 97
10, 10, 15, 19, 30, 47, 53, 70, 74, 93, 142, 698
15, 29, 89
10, 10, 10, 12, 40, 44, 54, 1505
10, 14, 14, 32, 69, 90, 121
11, 14, 14, 16, 34, 120
10, 12, 13, 14, 17, 19
10, 11, 20, 30, 44
10, 10, 10, 11, 14
11, 12, 12, 12, 13, 13, 16, 19, 21, 24, 27, 36, 44, 76
10, 10, 10, 10, 12, 17, 21, 48
10, 10, 10, 12, 12, 13, 13, 15, 17, 328
10, 10, 13, 38, 42, 122, 1768
10, 10, 10, 11, 12, 13, 14, 47, 59, 63
10, 11, 12, 12, 15, 16, 18, 25, 28, 42
13, 16, 20, 20, 38, 138, 689
10, 10, 13, 18, 19, 90
10, 10, 11, 12, 12, 12, 14, 15, 17, 26, 35, 56, 100
11, 12, 18, 30, 38
10, 10, 10, 14, 14
10, 16, 18, 71, 140, 372
10, 10, 11, 12, 13, 13, 75, 101, 124
12, 15, 24, 51, 113, 118, 378
20, 21, 26, 26, 88, 106, 515, 537, 624, 659, 790, 1137, 1146
13, 13, 13, 14, 22, 24, 26, 27, 35, 102, 128
10, 10, 10, 11, 54
10, 14, 14, 15, 29, 38
10, 13, 15, 17, 23, 23, 26, 63, 78, 131, 133, 533, 701
10, 10, 14, 21, 27, 29, 39, 95
11, 12, 13, 13, 14, 16, 19, 19, 31, 67
10, 10, 10, 10, 11, 11, 14, 15, 26, 27
12, 13, 335, 728
10, 12, 12, 13, 16, 20, 36, 41, 49, 53, 94, 273
10, 12, 13, 16, 16, 18, 18, 25, 25, 35
10, 10, 11, 11, 18, 19, 27, 56, 78, 87
12, 13, 19, 34, 42, 388, 504, 2981, 3727, 3992
10, 10, 12, 57, 96, 118, 128
10, 10, 10, 12, 12
10, 10, 10, 10, 11, 11, 11, 12, 16, 17, 19, 28, 47, 57
10, 10, 11, 15, 17, 21, 61, 103
11, 11, 11, 13, 14, 21, 49, 108
10, 11, 20, 20, 32
10, 11, 11, 12, 17, 27, 31, 52
10, 10, 11, 12, 13, 14, 16, 50, 61, 133, 194
10, 10, 15, 16, 16, 42, 81
10, 13, 14, 16, 23, 30, 38, 42, 67
11, 27, 50, 452
10, 11, 12, 14, 20, 21, 22, 23, 28, 29, 63, 236
10, 10, 12, 12, 13, 14, 15
11, 11, 12, 17, 18, 18, 20, 22, 24, 59, 131, 143, 227, 680
10, 15, 16, 17, 178, 254
10, 16, 35, 45, 48, 96
10, 10, 12, 18, 21, 25, 32, 74, 170
10, 11, 74, 109
10, 19, 26, 57, 62, 72, 113, 142, 3406
11, 13, 14, 14, 28, 31, 107, 245, 622, 1060, 1183
10, 12, 12, 19, 36, 54, 74, 76, 112
10, 10, 11, 11, 11, 15, 22, 24, 27, 30, 41, 75, 96
11, 15, 221
11, 11, 12, 12, 17, 20, 20, 29, 37, 133, 175, 234, 307, 897
12, 12, 13, 31
29, 124
10, 10, 11, 12, 13, 15, 17, 42, 68, 169
10, 11, 11, 20, 27, 33, 66
10, 11, 13, 22, 43
10, 10, 10, 11, 11, 11, 14, 16, 49
10, 11, 12, 12, 16, 27, 101, 115
10, 10, 10, 11, 11, 14, 21, 40, 61
11, 11, 11, 12, 14, 14, 17, 100, 381
11, 11, 12
10, 12, 15, 15, 16, 27, 200
11, 15, 62
12, 14, 15, 23, 68
12, 14, 14, 14, 20, 35
11, 11, 11
11, 11, 14, 22, 36, 100, 434, 489
10, 17, 18, 66, 266, 376
10, 13, 13, 14, 21, 30, 44, 78, 120, 474
10, 10, 10, 10, 11, 11, 13, 21, 26, 57, 60
10, 10, 12, 12, 30, 37, 169, 230, 493
10, 10, 24, 35
10, 11, 11
10, 14, 15, 16, 24, 38, 54, 91
11, 12, 12, 13, 18, 28, 29, 47, 282
11, 11, 11, 12, 12, 18, 19, 22, 60, 76, 279
12, 14, 18, 21, 37, 39, 99, 449, 635, 742, 1468
10, 10, 10, 10, 11, 11, 12, 13, 27
21, 59, 103
15, 20, 34
10, 11, 11, 11, 13, 21, 25, 39, 43, 59, 113, 174, 244, 2393
11, 12, 27, 40, 53, 177, 374, 377, 469, 819, 2635, 2722, 3199
10, 11, 12, 14, 14, 19
10, 11, 15, 18, 22, 33, 38, 39, 51, 222, 490, 2516
10, 13, 15, 22, 36, 44, 48, 82, 88, 164, 187, 216
11, 16, 83, 241, 815
10, 10, 14, 29, 59, 74
16, 19, 22, 40, 53, 67, 86, 102, 248, 295
10, 10, 16, 18, 32, 75, 91
10, 10, 10, 11, 12, 12, 17, 20, 22, 137
11, 14, 27
10, 13
10, 10, 10, 11, 11, 11, 12, 47
11, 11, 12, 13, 13, 13, 13, 15, 19, 155
10, 10, 13, 13, 13, 16, 19, 22, 25, 32, 34, 66, 412
10, 10, 11, 11, 12, 32
19, 28, 54, 72, 451
10, 14, 30, 49, 68, 376
10, 11, 11, 12, 13, 13, 26, 27, 44, 80, 133, 232, 794
10, 11, 11, 11, 11, 14, 14, 15, 17, 19, 28, 50, 1199
10, 10, 11, 14, 17, 19, 40
10, 10, 11, 11, 17, 29, 40, 71
11, 42
11, 13, 17, 19, 45, 153, 421
11, 12, 12, 13, 22, 43, 72
15, 23, 30, 34, 414
12, 18, 30, 99
10, 10, 12, 12, 17, 21, 33, 72, 581
14, 46, 101
14, 17, 20, 20, 72, 105, 118, 263, 445, 642, 843, 1009
10, 13, 13, 35, 44, 101, 185
13, 13, 16, 22, 56, 412
12, 14, 16, 27, 42
10, 10, 10, 11, 11, 11, 11, 12, 15, 17
10, 10, 12, 22, 576, 1454
10, 10, 11, 11, 11, 12, 14, 41, 133
10, 11, 13, 14, 38
10, 10, 10, 14, 22, 42
10, 11, 12, 12, 14, 19, 23, 34, 42, 94, 190, 217, 404
10, 25, 31, 32, 48, 125
10, 10, 10, 10, 11, 12, 25, 71, 137, 183, 295
10, 10, 10, 10, 10, 11, 12, 19, 21, 22, 3518
10, 11, 20, 203
12, 15, 23, 52, 62, 77, 143
10, 10, 10, 11, 11, 13, 15, 17, 22, 23, 33, 39, 331
10, 11, 12, 13, 15, 16, 20, 21, 28, 31, 49, 51, 193
10, 11, 11, 11, 11, 16, 19, 23, 46, 231
11, 11, 13, 16, 35, 36, 52, 120, 160, 217
11, 11, 15, 21, 93, 159, 324
10, 12, 12, 13, 15, 18, 51, 85, 153, 196, 328
11, 12, 13, 15, 17, 21, 52, 138, 551, 632
10, 14, 18, 18, 20, 61, 96, 130, 1056, 2104
10, 10, 10, 10, 11, 11, 12, 12, 52, 63, 65, 89, 285
10, 10, 10, 12, 16, 18, 20, 29, 32, 33, 34, 82, 153
11, 14, 19, 32, 50, 80, 113
11, 16, 22, 22, 30
11, 12, 23, 37, 961
15, 22, 24, 30, 47, 57, 102, 131, 156, 280, 498, 876
10, 10, 11, 12, 14, 47, 225
10, 10, 10, 23, 23, 38, 42
10, 10, 10, 11, 13, 13, 16, 16, 154, 246
17, 18, 79, 110, 181
11, 13, 16, 18, 24, 24, 36, 43
10, 11, 11, 12
10, 12, 15, 16, 54, 1028
10, 10, 11, 13, 15, 17, 35, 46, 68, 164
10, 11, 31, 80, 147
10, 10, 10, 11, 11, 12, 16, 28, 36, 45, 537, 617
11, 17, 22, 38, 64, 65
10, 11, 12, 26, 44
10, 11, 12, 28, 28, 34, 38, 40, 85, 428, 449, 1144, 2562
10, 11, 13, 56
10, 10, 11, 13, 14, 15, 18, 21, 25, 30, 39, 52, 72, 865
12, 12, 18, 23, 30, 56, 76, 176, 214, 459
15, 19, 19, 23, 30, 38, 53, 105, 106, 276, 1918
10, 12, 13, 13, 17, 18, 20, 29, 31, 45, 51, 52
10, 10, 10, 14, 15, 16, 16, 17, 25
11, 11, 20, 28
11, 14, 17, 235
10, 10, 10, 10, 11, 12, 12, 15, 15, 17, 25, 28, 94, 114
10, 10, 10, 12
10, 10, 10, 10, 11, 12, 13, 19, 216
13, 13, 14, 16, 35, 52, 165, 187, 251, 394
10, 11, 11, 13, 14, 18, 32, 77, 179, 391
12, 12, 14, 15, 25, 26, 43, 140, 738
13, 14, 17, 19, 19, 34, 35, 40, 70, 183, 248, 358
10, 11, 11, 13, 66
12, 13, 24, 39, 40, 250
10, 11, 11, 13, 14, 14, 16, 19, 37, 52, 55, 390
10, 10, 24, 130
10, 11, 17, 17, 128, 156
11, 15, 16, 16, 16, 17, 19, 28, 64, 321
10, 11, 11, 12, 14, 14, 342
10, 10, 10, 10, 10, 11, 13, 17, 18
11, 12, 12, 14, 19, 24, 24, 67, 97, 105, 119, 175, 249
10, 11, 13, 13, 21, 3399
12, 12, 13, 13, 17, 18, 18, 20
10, 10, 12, 14, 21, 30, 61
10, 10, 10, 14, 16, 31, 32, 36, 36, 122, 1180
10, 11, 11, 20, 23, 26, 31, 66
10, 13, 14, 15, 17, 19, 21, 28, 30, 39, 44, 152, 232
10, 10, 10, 10, 10, 10, 11, 12, 14, 17, 32, 83, 2046
10, 11, 15, 17, 20, 29, 35, 54, 103, 219, 301
13, 20, 21, 989
10, 10, 11, 12, 12, 15, 21, 22, 268
12, 16, 19
80, 112, 137, 170, 223
12, 15, 21, 25, 30, 43, 56
11, 11, 11, 13, 17, 19, 22, 24, 31, 47, 346
10, 11, 16, 31
10, 11, 16, 18, 186, 510
10, 11, 11, 11, 13, 13, 13, 15, 21, 23, 129
10, 10, 11, 11
18, 24, 139
10, 10, 11, 12, 13, 13, 32, 135
10, 10, 15, 19, 23, 37
10, 10, 11, 11, 11, 11, 13, 14, 39
13, 20, 27, 29, 54, 353, 1730
11, 15, 20, 22, 33, 34, 51, 65, 159, 191, 1540, 3236
10, 10, 11, 11, 11, 11, 13, 18, 30, 34, 62
13, 13, 16
11, 13, 22
10, 10, 11, 11, 11, 12, 13, 16, 17, 24, 36, 37, 44, 47
12, 14, 18, 20, 49, 1227
11, 13, 14, 19, 20, 72
10, 10, 11, 12, 12, 24, 35, 40
10, 10, 10, 19, 34, 42
11, 14, 18, 20, 25, 31, 68, 72, 108
12, 15, 29, 314
11, 16, 18, 22, 26, 42, 78, 96, 1025
10, 11, 12, 12, 17, 33, 34, 128
11, 12, 12, 23, 46
12, 16, 17, 18, 20, 22, 25, 25, 29, 38, 65, 76
10, 10, 10, 11, 11, 11, 11, 12, 15, 20
11, 14, 15, 17, 21, 21, 27, 30, 40, 69, 86, 157, 177, 260
10, 10, 10, 10, 12, 14, 16, 21, 22, 33, 64, 109, 115
11, 11, 13, 13, 15, 15, 152, 335, 380
10, 10, 10, 11, 11, 11, 14, 18, 20, 51, 342, 3651
10, 10, 11, 11, 13, 23, 41, 69
10, 10, 11, 12, 17, 33, 290
11, 14, 23, 32, 60, 61
10, 10, 10, 10, 13, 16, 16, 21, 23, 25, 44, 100
11, 15, 40, 247
13, 26, 40, 217
21, 32, 37, 38, 83, 327
10, 10, 11, 11, 13, 13, 15, 16, 18, 22, 27
10, 10, 10, 11, 11, 12, 12, 13, 39, 50
10, 10, 10, 10, 11, 11, 11, 14, 66
10, 11, 12, 13, 15, 32, 101, 210
10, 10, 10, 10, 10, 10, 11, 11, 11, 17, 28, 45
14, 27, 38
10, 10, 10, 11, 13, 15, 15, 17, 41, 85
10, 11, 12, 13, 23, 59, 99
18, 25, 33, 35, 42, 60, 101, 130, 199, 985
10, 10, 11, 12, 47, 62
11, 11, 12, 170
11, 11, 12, 13, 14, 41, 78, 509
13, 22, 42, 93, 106, 170, 177, 867
10, 10, 11, 11, 11, 11, 13, 14, 14, 18, 34
10, 10, 11, 11, 11, 11, 12, 16, 17, 25, 45
17, 24, 51, 86, 102, 109, 136, 190, 352, 358, 456, 540, 3264
14, 17, 27, 30, 39, 43, 44, 70, 161, 244
10, 11, 11, 12, 20, 21, 22, 27, 89, 139
10, 10, 11, 15, 17, 34, 583
10, 11, 12, 20, 37, 48
13, 13, 13, 19, 23, 28, 33, 46, 66, 144, 373, 647
10, 10, 10, 10, 13, 15, 16, 25, 25, 29, 59
10, 10, 10, 10, 13, 13
11, 13, 17, 18, 86, 106, 569
10, 12, 19, 31, 34, 62
12, 14, 14, 19, 19, 230
11, 11, 12, 15, 23, 213
11, 12, 13, 14, 17, 18, 19, 25, 38, 53, 61, 290
10, 12, 13, 13, 13, 13, 27, 46, 67, 822
20, 23, 27, 45, 71, 173, 207, 528
11, 13, 15, 23, 33, 33, 64
10, 13, 17, 34, 135, 151, 225
10, 12, 22, 47
10, 12, 15, 28, 122, 204, 860
10, 11, 15, 49, 372, 837
10, 11, 14, 29, 31, 35, 40, 48, 556
10, 10, 11, 12, 12, 13, 14, 15, 27, 32, 125
10, 10, 11, 11, 12, 15, 16, 18, 19, 23, 33, 489, 626
10, 10, 14, 23, 28, 117, 144, 211
10, 10, 11, 13, 14, 21
11, 11, 12, 12, 13
13, 15, 16, 24, 59, 62, 156, 280
10, 10, 11, 11, 12, 13, 15, 17, 20, 20, 65, 315
11, 14, 17, 120, 265
10, 10, 10, 11, 12, 22, 30, 53, 205
13, 13, 25, 27, 67
14, 15, 16, 16, 35, 35, 65, 105, 186, 477
10, 13, 14, 18, 22
11, 14, 15, 21
11, 15, 17, 20, 37, 118, 175, 740
11, 11, 13, 21, 24, 37, 45, 66, 75
10, 10, 10, 12, 13, 14, 23, 42, 375
10, 14, 252, 345, 353, 504
10, 10, 10, 10, 10, 14, 19
10, 11, 15, 19, 26, 52, 63, 85, 299, 1367
16, 17, 24, 30, 51, 80, 405
13, 14, 138
11, 11, 14, 15, 15, 18, 27, 36, 104, 124
10, 11, 11, 12, 17
15, 16, 33, 102, 1953
10, 13, 16, 31, 32, 95, 98
10, 11, 11, 11, 11, 14, 16, 18, 21, 39, 51, 230
10, 11, 11, 11, 13, 13, 16, 20, 25, 30, 101, 131, 191
10, 11, 11, 11, 13, 14, 15, 25, 27, 73
11, 13, 14, 16, 19, 20, 28, 31, 89, 111
13, 20, 45, 153, 302
10, 10, 37, 108
10, 10, 10, 11, 11, 21, 104, 192
10, 10, 10, 10, 12, 12, 16
10, 10, 11, 12, 14, 16, 21, 120
11, 13, 15, 15, 17, 23, 42, 85, 113, 117, 688
10, 10, 10, 16, 18, 25, 31, 47, 98
13, 16, 17, 39, 56, 58, 173
11, 11, 12, 12, 15, 28, 42, 87, 277
10, 10, 10
10, 13, 16, 23, 57, 78, 159
11, 11, 14, 16, 17, 19, 32, 57, 69, 81, 106, 999
11, 12, 13, 16, 20, 24, 30, 87, 206, 268, 1476
11, 16, 17, 20, 121
10, 12, 13, 18, 20, 27, 44, 47, 51, 65, 595, 3250
10, 13, 106
10, 12, 13, 13, 13, 15, 15, 18, 20, 24, 25, 25, 74
10, 10, 12
10, 10, 10, 10, 11, 11, 13, 17, 21, 29, 70, 204
10, 11, 12, 13, 21, 35
10, 10, 10, 10, 11, 12, 12, 13, 17
10, 10, 10, 18, 21, 59, 501
10, 11, 13, 16, 17, 19, 19, 22, 23, 30, 35, 77
10, 11, 23, 25, 26, 30, 32, 89, 181, 193, 494
10, 11, 11, 11, 11, 16, 18, 49, 65, 113
20, 22, 46, 92
10, 10, 10, 11, 11, 11, 11, 13, 15, 16, 16, 17, 30, 174
10, 10, 11, 13, 19, 29, 31, 39, 210
11, 16, 41
10, 12, 13, 17, 49, 233, 618
10, 11, 12, 12, 13, 13, 192
10, 10, 10, 10, 10, 15, 32, 74
10, 10, 11, 11, 12, 13, 13, 88, 151, 426
10, 10, 12, 15, 30, 38, 42, 50, 73, 324
10, 11, 11, 11, 13, 16, 16, 25, 30, 30, 52
10, 11, 13, 19, 34, 38, 39, 70, 77
10, 10, 11, 12, 13, 16, 17, 18, 48, 52, 56
10, 10, 19, 207
12, 16, 262
10, 10, 10, 10, 10, 11, 14, 15, 16, 16, 74, 83, 104, 1093
10, 10, 10, 13, 16, 18, 20, 25, 44
10, 10, 11, 11, 12, 12, 19, 21, 27, 36, 53, 126, 340
10, 13
10, 13, 28, 44
10, 10, 10, 10, 11, 12, 13, 21, 22, 28, 51, 69, 273, 498
10, 10, 10, 10, 11, 11, 12, 14, 14, 15, 24, 25, 57
11, 13, 15, 15, 17, 19, 29, 36, 48, 144, 412
12, 15, 16, 22, 22, 27, 28, 85, 450
11, 12, 13, 14, 45, 48, 56, 68, 167, 237, 272, 280, 967
10, 10, 10, 10, 11, 12, 13, 15, 74, 321
10, 10, 11, 13, 14, 21, 32, 212
10, 10, 14, 19, 24, 108
11, 12, 13, 16, 24, 54, 64, 1193
10, 10, 10, 11, 13, 18, 20, 24, 27, 35, 55, 108, 131, 742
11, 12, 13, 15, 21, 36, 169
10, 11, 12, 26
10, 11, 12, 12, 13, 13, 17, 17, 17, 24, 34, 41
10, 10, 11, 11, 43
10, 17, 20, 24, 26
11, 13, 28, 30, 73
14, 23, 36, 50, 50, 153, 357
10, 18, 18, 18, 21, 39
11, 12, 12, 13, 14, 15, 15, 84, 87, 180, 271
10, 11, 11, 15, 15, 18, 40, 84
10, 10, 10, 10, 15, 16, 55, 223
10, 11, 22
10, 11, 12, 16, 17, 18, 35, 43, 140, 159
10, 12, 12, 12, 14, 15, 21, 22, 24, 46, 47
10, 11, 11, 12, 13, 17, 18, 19, 33, 40, 54, 163, 597
10, 10, 11, 13, 14, 14, 14
10, 10, 10, 11, 11, 12, 13, 14, 23, 282, 357
10, 10, 11, 11, 13, 13, 14, 16
11, 12, 18, 20, 21, 22, 25, 53, 171, 385, 745
12, 13, 13, 16, 17, 19, 46
10, 11, 15, 19, 20, 28, 29, 39, 62, 111, 152, 196, 213
11, 12, 16, 18, 23
11, 11, 12, 12, 13, 18, 40, 76, 113, 218
16, 20, 76
10, 12, 13, 14, 22, 24, 311
13, 14, 14, 15, 15, 22, 23, 30, 50, 150
11, 16, 19, 28, 29
10, 12, 18, 22, 26
12, 23, 39, 100
12, 16, 16, 423
10, 10, 10, 10, 10, 10, 10, 11, 13, 14, 14, 443
11, 13, 13, 14, 16, 18, 20, 32, 39, 267
10, 10, 11, 11, 12, 18, 28, 28, 37, 42
10, 11, 12, 13, 13, 14, 14, 30, 31, 40, 47, 105
11, 14, 17, 55
10, 11, 11, 12, 14, 16, 19, 26, 31, 143, 156, 499
10, 11, 12, 14, 15, 16, 21, 156, 229, 261, 267, 452, 621
10, 11, 11, 11, 11, 14, 15, 15, 24
10, 10, 10, 10, 11, 11, 11, 12, 13, 14, 42
10, 11, 11, 14, 14
10, 10, 11, 11, 12, 28, 43, 88
10, 10, 10, 10, 11, 17, 27, 38, 43, 78
10, 10, 10, 10, 10, 11, 16, 26, 33, 36, 116
10, 10, 13, 17, 21, 29, 34, 42, 47, 97, 347, 512
11, 13, 15, 25
10, 10, 11, 13, 13, 13, 14, 16, 22, 64, 106
16, 19, 24, 33, 314
12, 22, 27, 30, 69, 132
11, 24, 27
10, 11, 12, 21, 23, 29, 113
10, 11, 12, 13, 21, 49, 49, 89, 643
10, 10, 10, 11, 14, 30, 118, 186, 1751
18, 33, 100
11, 12, 13, 14, 15, 22, 22, 24, 26, 27, 29, 49, 61, 81
10, 11, 11, 14, 98
10, 10, 12, 12, 17, 21, 25, 33, 74, 99, 329, 586
10, 10, 10, 11, 12, 13, 15, 26, 37
10, 10, 11, 13, 15, 18, 30, 39, 48, 53, 74
10, 10, 13
10, 10, 11, 11, 11, 12, 13, 13, 14, 36, 67
10, 10, 10, 11, 11, 21, 21, 26, 33, 187, 293
11, 11, 11, 11, 15, 27, 33, 37, 102, 104, 128
12, 19, 20, 33, 45, 52, 107, 443, 595
11, 11, 14, 16, 22, 608
10, 10, 10, 10, 11, 14, 14, 17, 48, 90
10, 12, 13, 13, 14, 15, 15, 18, 57, 154
10, 13, 13, 17, 29, 51, 62, 65, 278, 4269
11, 37, 43, 87, 138
10, 11, 68
10, 10, 10, 11, 11, 11, 13, 16, 17, 30, 76, 225
10, 11, 12, 12, 15, 24, 39, 110
10, 10, 55
10, 10, 13, 18, 20, 27
10, 11, 13, 17, 19, 23, 27, 59, 115, 126, 142, 1190, 2938
11, 12, 35, 67, 74, 75, 223, 365, 370
11, 12, 13, 13, 16, 22, 42, 121, 496, 2226
10, 10, 10, 11, 12, 12, 13, 14, 16, 18, 30
11, 14, 16, 18, 38, 52
10, 11, 11, 12, 17, 19, 30
13, 14, 16, 361
10, 10, 11, 12, 16, 17, 19, 26, 37, 238
10, 12, 12, 13, 19, 31, 83, 89, 225
10, 11, 17, 20, 28, 130, 163, 182
10, 12, 13, 13, 14, 15, 17, 140
14, 20, 21, 43, 104, 166
10, 11, 12, 20, 24, 31, 42, 87, 142, 623
55, 276, 289, 395
10, 10, 12, 12, 14, 15, 16, 18, 19, 30, 43
10, 10, 11, 14, 15, 17, 28, 34, 54, 68, 80
10, 11, 13, 13, 14
10, 10, 10, 10, 10, 10, 11, 33
10, 11, 14, 14, 139
11, 14, 21, 69, 88, 257, 1947
10, 10, 10, 11, 12, 16, 16, 21, 24, 24, 32, 3957
13, 13, 25, 28, 51, 143
10, 10, 10, 11, 11, 11, 11, 12, 16, 27, 79
10, 10, 10, 11, 14, 34, 38, 1148, 2641
10, 10, 12, 12, 13, 13, 13, 14, 34, 36, 109
17, 17, 30, 44, 53
10, 12, 134
10, 11, 12, 13, 16, 30, 31, 46, 54, 121, 167
11, 11, 12, 12, 13, 13, 13, 15, 16
10, 15, 16, 17, 17, 26, 40, 51
10, 11, 12, 174
17, 28, 34, 99
10, 11, 18, 29, 74, 96, 137, 171
10, 10, 10, 17, 30, 45, 134, 269
11, 11, 13, 13, 13, 14, 15, 98, 228, 253, 339, 361
10, 10, 10, 11, 11, 11, 12, 13, 30, 35, 46, 47, 56
11, 11, 18, 18, 27, 109
12, 13, 31, 100, 300
10, 10, 11, 11, 12, 14, 16, 57, 368
10, 11, 12, 14, 19, 20, 798
11, 41, 51, 3004
10, 10, 10, 10, 10, 11, 11, 12, 14, 18, 69, 335
10, 14, 14, 16, 24, 46
12, 13, 13, 14, 21, 34, 75, 140
10, 14, 20, 23
13, 13, 16, 19, 32, 38, 53, 107, 116, 575
12, 14, 41, 52, 54, 72, 646, 1705
10, 14, 14, 20, 127, 136
10, 10, 14, 22, 26, 32, 36, 39, 44
12, 15, 15, 17, 40, 48, 54, 61, 827
11, 11, 12, 13, 13, 14, 15, 47, 58, 464
10, 11, 11, 13, 15, 16, 24, 28, 45, 2483
12, 12, 17, 27, 31, 196, 1571
10, 11, 12, 12, 13, 27, 37, 56
11, 12, 17, 17, 40, 89, 121, 568
10, 10, 10, 11, 12, 13, 14, 14, 17, 18, 260
10, 12, 13, 19, 34, 40
10, 10, 10, 10, 11, 12, 13, 14, 19, 19
10, 10, 10, 11, 11, 11, 12, 13, 14, 14, 27, 2033
12, 17, 36, 37, 42, 157, 3712
13, 18, 21, 22, 36, 137, 164, 170, 745, 1764
10, 11, 11, 18
14, 14, 17
10, 11
14, 15, 33, 36, 49, 60, 133, 134, 168, 193
11, 12, 12, 14, 22, 24, 25, 371
11, 11, 11, 13, 14, 17, 24, 29, 50
10, 10, 10, 12, 12, 12, 12, 26, 57
10, 10, 10, 10, 11, 16, 19, 26, 29, 42, 43, 86, 115
10, 10, 10, 12, 18, 85
14, 31
10, 10, 12, 12, 14, 15, 19, 22, 25, 48
12, 12, 13, 20, 25, 39, 40, 153, 187, 209, 369, 619
10, 16, 20, 27, 38, 75, 280
17, 18, 29, 38, 56, 59, 150, 1016
10, 10, 10, 13, 13, 14, 14, 16, 16, 17, 19, 28, 45, 83
10, 10, 10, 10, 11, 11, 12, 14, 69, 281, 304
10, 11, 11, 12, 16, 19, 20, 21, 65, 110, 269, 339
10, 10, 10, 10, 11, 16, 16, 119
10, 11, 12, 13, 20, 24, 27, 81, 251
10, 11, 12, 13, 15, 42, 47
10, 11, 13, 13, 105
10, 10, 10, 11, 11, 12, 15, 20, 23, 46, 49, 283, 399
11, 19, 20, 30, 33, 34, 35, 52, 186, 262, 498, 669
11, 11, 13, 16, 19, 29, 30, 162
10, 10, 12, 15, 161
10, 12, 12, 12, 15, 19, 22, 23, 25, 38, 134, 247, 328
10, 10, 11, 12, 39, 50
10, 12, 20, 30, 34, 53, 80, 134, 432
10, 10, 10, 10, 12, 14, 14, 18, 44, 295
10, 11, 14, 115
11, 12, 15, 17, 38, 60
10, 11, 11, 13, 13, 15, 15, 17, 19, 21, 28, 38, 39, 100
10, 17, 25, 47, 50, 144
12, 12, 12, 12, 19, 100, 110, 124, 297, 309, 461, 522
12, 13, 13, 16, 19, 19, 20, 3698
10, 10, 11, 11, 15, 20, 20, 26, 49, 55, 80
10, 11, 11, 11, 18, 18, 25, 49, 215
10, 10, 10, 10, 11, 94
10, 11, 11, 13, 59, 104, 204
11, 11, 12, 12, 13, 14, 24, 51, 160, 233, 4006
12, 22, 95
10, 11, 11, 11, 12, 16, 20, 24, 200
11, 11, 12, 17, 18, 19, 56, 220
10, 11, 11, 11, 11, 12, 14, 14, 20, 210
15, 16, 28, 30, 32, 35, 36, 42, 75, 115, 189, 1049
10, 11, 26, 36, 42, 57, 57, 199, 995, 4011
13, 204
11, 14, 14, 18, 20, 26, 39, 111, 135, 1007
12, 17, 36, 58
19, 23, 26, 33, 38, 52, 301
10, 10, 11, 11, 13, 14, 21, 24, 24, 27, 42, 50, 50, 367
11, 11, 11, 12, 12, 12, 15, 19, 23, 39, 149
11, 12, 12, 18, 18, 22, 43, 84, 176, 218, 289, 2012
13, 13, 15, 17, 44, 63
10, 10, 15, 18, 20, 27, 117, 144, 614
10, 11, 12, 12, 15, 19, 22, 24, 26, 36, 111
10, 11, 11, 43
10, 10, 10, 11, 12, 14, 16, 20, 105, 677, 1550
10, 10, 11, 15, 15, 22, 33, 34, 132, 211
10, 10, 10, 11, 11, 11, 11, 30, 37, 56, 75
10, 10, 10, 11, 11, 11, 12, 14, 15, 27
10, 11, 12, 14, 45, 67
10, 11, 11, 17, 24, 33, 36, 47, 50, 70
10, 10, 10, 11, 12, 15, 120, 2365
10, 10, 10, 11, 13, 20, 20, 24, 29, 85, 271
10, 11, 12, 12, 14, 19, 21, 27, 33, 48, 87, 149
10, 11, 12, 12, 16, 18, 19, 26, 30, 52, 59, 231
10, 11, 14, 35
11, 11, 12, 52
11, 11, 11, 11, 13, 15, 18, 196
10, 11, 11, 11
14, 18, 20, 1330
12, 14, 15, 21, 25, 28, 28, 59, 66, 67, 75, 509
12, 12, 19, 433
10, 10, 10, 10, 10, 19, 40, 50, 184
10, 13, 17, 18, 56, 92, 142, 237, 516, 810
10, 10, 11, 12, 14, 14, 19, 59, 665, 2147
11, 12, 15, 17, 17, 32, 40, 324
16, 16
20, 21, 25, 29, 33
11, 11, 12, 13, 81, 106, 118, 273, 280, 4265
11, 11, 18, 21, 51, 76, 81, 264, 560
10, 10, 11, 15, 16, 20, 30, 402, 631
10, 10, 11, 11, 23, 207
10, 10, 10, 10, 11, 11, 11, 14, 24, 42, 50, 416
10, 10, 15, 18, 22, 46, 63
10, 10, 15, 17, 20, 20
10, 10, 11, 13, 34
10, 18, 20, 22, 27, 33, 338
10, 11, 14, 14, 14, 15, 16, 21, 23, 41, 223
10, 11, 11, 15, 15, 16, 27, 37, 53, 79, 153, 2880
12, 18, 24
11, 12, 13, 13, 13, 14, 14, 16, 22, 24, 45, 88, 409
10, 11, 13, 17
11, 12, 15, 16, 22, 24, 26, 28, 67, 211
10, 10, 13, 39, 62, 71
10, 12, 12, 45, 56, 427
11, 11, 14, 34, 59
13, 16, 16, 19, 20, 22, 39, 46, 49, 54, 88, 474
11, 11, 11, 12, 39, 42, 50, 63, 74
10, 10, 10, 10, 11, 13, 24, 24, 64, 88
10, 10, 11, 11, 13, 13, 13, 13, 18, 25, 271
11, 11, 12, 17, 21, 29, 30, 32, 46, 48, 119, 122, 147
10, 10, 12, 36, 38, 43, 45, 50, 107, 119, 128
19, 33, 35, 35, 124, 143, 216, 469
10, 10, 10, 10, 11, 12, 12, 13, 16, 31, 55
10, 10, 10, 12, 13, 15, 16, 20, 33, 246, 3670
10, 10, 10, 11, 16, 17, 18, 18, 23, 25, 45
10, 10, 12, 12, 38, 160, 180, 342
10, 10, 12, 12, 15
10, 10, 10, 12, 13, 22, 22, 25, 40
12, 14, 14, 14, 17, 24, 41, 50, 51, 82, 1426
10, 12, 14, 15, 46
10, 10, 10, 11, 11, 12, 54, 108
12, 12, 13, 15, 19, 23, 25, 34, 1149, 2134
10, 11, 12, 13, 95, 102
11, 12, 15, 17, 22, 50
13, 13, 13, 15, 23, 39, 161
11, 11, 11, 12, 13, 13, 28, 33, 87, 240
11, 12, 12, 13, 15, 18, 24, 37, 41, 64
165, 344, 3865
16, 20, 25, 27, 32, 39, 43, 48, 111, 241, 259, 272
12, 16, 64, 89, 91, 134, 204, 357
10, 10, 11, 11, 12, 14, 14, 15, 60, 83, 87
15, 15, 18, 19, 22, 26, 27, 31, 86, 134, 147, 539
11, 12, 14, 14, 21, 32, 56, 85, 98
13, 15, 16, 17, 189
10, 10, 10, 10, 11, 15, 22, 74
10, 10, 11, 11, 13, 16, 17
10, 10, 10, 11, 12, 12, 14, 16, 115, 127, 199, 417
12, 13, 14, 18
12, 21, 41, 53
10, 11, 13, 13, 14, 25, 28, 48, 61, 76, 681
10, 11, 11, 13, 15, 16, 83
21, 24, 24, 39, 63
10, 12, 15
13, 13, 19, 24, 26, 35, 105, 127, 226, 272, 1598
10, 10, 10, 10, 21, 46
10, 10, 11, 11, 11, 12, 16, 17, 25, 35
10, 10, 11, 11, 14, 16
10, 10, 10, 10, 10, 11, 11, 13
10, 11, 13, 19, 22, 26, 30, 31, 68, 75, 121, 190, 1610
12, 13, 15, 18, 22, 32, 60, 111, 167, 261, 551, 625
12, 12, 13, 14, 15, 18, 18, 30, 40, 50, 52, 211, 438, 447
10, 12, 14, 18, 32, 88, 889
11, 13, 25, 52, 55, 394, 751, 1423, 3282
10, 10, 11, 11, 11, 17, 18, 189
10, 10, 11, 12, 50
10, 11, 11, 31, 146
13, 14, 15, 20, 20, 21, 29, 31, 32, 34, 38, 61
13, 21, 24, 49
11, 11, 16, 18, 20, 40
10, 10, 10, 10, 10, 11, 16, 23, 127
10, 22, 24, 27, 30
10, 17, 18, 42
11, 13, 47
10, 10, 10, 11, 18, 39, 63
11, 11, 11, 12, 14, 14, 25
11, 13, 26, 36, 49, 77
10, 10, 11, 30
10, 11, 12, 14, 17, 28, 35, 186
10, 11, 250
10, 10, 13, 17, 19
12, 17, 50
11, 12, 13, 18, 21, 22, 27, 28, 72, 77, 85, 2079
10, 10, 10, 11, 11, 13, 13, 14, 15, 16, 16, 19, 1634
10, 12, 13, 19, 61, 93, 506, 2445
11, 11, 17, 27
10, 10, 10, 14, 14
10, 11, 14, 18, 18, 36, 53, 91, 96, 145, 233, 388, 567
10, 12, 14, 20, 379, 2150, 3455
11, 12, 22, 33, 55, 78, 93
12, 15, 16, 21, 52, 54, 128
10, 11, 12, 12, 12, 15, 16, 18, 40, 80, 172
10, 11, 11, 12, 14, 14, 15, 148
10, 11, 13, 17, 17, 18, 20, 58
10, 10, 11, 13, 13, 15, 17, 27, 28, 35, 48
11, 12, 17
10, 11, 13, 50
10, 15, 16, 30, 31, 47, 117, 195, 584
10, 10, 13, 18, 21, 28, 53
10, 10, 10, 10, 11, 11, 12, 13, 14, 14, 19, 142
12, 18, 18, 19, 22, 23, 30, 47, 59, 184, 913
10, 10, 11, 97
43, 123, 127
10, 10, 11, 12, 48, 582
56, 97
22, 23, 104, 171, 184, 267, 522, 574
11, 12, 12, 32, 37, 48, 57, 73, 75, 111, 968
12, 12, 44, 529
10, 10, 10, 10, 11, 11, 11, 12, 15, 47
15, 15, 16, 18, 29, 32, 68, 73, 543
11, 28, 136, 214, 466, 525, 1166, 1391
10, 12, 12, 12, 13, 24, 32, 63
10, 10, 13, 29, 40, 52, 154, 648
12, 12, 12, 12, 13, 13, 21, 30, 40, 1508, 1883
11, 12, 12, 12, 14, 17, 23, 26, 27, 30, 57, 166
10, 11, 13, 18, 36, 90
13, 15, 19, 55, 548
10, 15, 17, 21, 67, 161, 287, 288
10, 10, 10, 10, 10, 10, 12, 13, 17, 18, 268
10, 10, 10, 11, 17, 19, 46
10, 10, 10, 12, 17, 18, 19, 545
13, 14, 22, 55, 400
11, 16, 18, 21, 22, 26, 29, 65, 65, 83, 106
10, 920
10, 10, 30, 61, 98, 423
10, 12, 32, 48, 77, 83, 152, 263, 352, 392, 473, 1068, 3622
12, 127
10, 11, 11, 34
10, 10, 10, 10, 10, 12, 12, 14, 17, 19, 220
10, 13, 14, 17, 19, 118, 2519
10, 11, 11, 12, 15, 19, 99, 201, 821
21, 28, 61, 197, 369
10, 10, 12, 13, 22, 34, 44, 51
11, 11, 12, 12, 12, 13, 18, 24, 25, 38, 588
10, 10, 10, 10, 12, 14, 15, 20, 22, 23, 27, 32, 75
16, 17, 19, 26, 32, 46, 176, 419
10, 10, 10, 11, 12, 12
10, 10, 10, 10, 11, 12, 13, 13, 14, 15, 27, 59
11, 12, 23, 28, 31, 38, 213, 482
11, 259
67, 71, 90, 205
12, 13, 13, 15, 15, 20, 30, 41, 186, 216, 217
10, 11, 11, 11, 12, 14, 14, 28
10, 12, 13, 22, 26, 42, 45, 273, 293, 359, 1778
11, 13, 21, 125
10, 10, 10, 10, 11, 15, 25, 31, 42, 44, 222, 366
16, 20, 37, 39, 58, 326
10, 14, 18, 20
10, 14, 17, 18, 23, 38, 108
10, 10, 10, 10, 23, 34
11, 12, 12, 12, 14, 16, 17, 18, 26, 54, 99
10, 10, 10, 10, 10, 11, 18, 1161
10, 10, 11, 12, 20, 25, 150, 332, 1300
10, 10, 10, 12, 20
10, 10, 11, 13, 14, 16, 30
10, 10, 11, 13, 41, 66, 174, 475
11, 14, 15, 22, 33, 38, 52, 456
11, 12, 21, 22, 31, 31, 32, 67, 567
11, 19, 34, 191, 265
11, 31, 56, 56, 60, 987
12, 15, 15, 22, 24, 30, 35, 59, 83, 135, 230, 773
10, 10, 11, 15, 32
10, 12, 31
11, 14, 26, 54, 117, 202
11, 17, 21, 29, 53
10, 11, 11, 11, 13, 13, 16, 31, 41, 56, 60, 85
10, 24, 30, 53, 59, 61, 89
10, 11, 11, 13, 13, 24, 42
10, 10, 11, 11, 12, 13, 16, 18, 18, 27, 126, 978
12, 12, 18, 19, 21, 23, 29, 41, 51, 65, 74, 876, 1866
11, 12, 14, 16, 16, 18, 23, 28, 29, 48, 260, 473, 1007
11, 15, 15, 27, 39, 341, 680
12, 43, 59, 64
12, 12, 13, 13, 15, 20
18, 19, 25, 40, 87, 94, 175, 242, 583, 711, 737
10, 11, 17, 18, 32
10, 10, 11, 11, 11, 13, 18, 1691
26, 32, 33, 171, 199
12, 15, 21, 427
10, 11, 11, 14, 14, 82, 288
10, 10, 10, 10, 37, 41, 62, 134
10, 10, 10, 11, 16, 20, 33, 570, 807
10, 11, 11, 11, 12, 15, 17, 23
10, 10, 10, 10, 11, 12, 20
13, 13, 14, 17, 17, 22, 30, 56, 102, 135, 141, 191, 339
10, 10, 11, 19, 28, 37
10, 10, 13, 13, 14, 19, 20, 25, 29
18, 27, 29, 355
11, 11, 13, 16, 25, 924
10, 10, 12, 13, 14, 17, 24, 30, 43, 1109
25, 29, 40, 68
10, 13, 16, 25
14, 14, 17, 23, 24, 27, 27, 33, 72, 119, 193, 771
11, 11, 11, 12, 16, 27, 52, 54, 63
11, 17, 20, 27, 249, 576, 759, 1268, 2183
10, 10, 12, 12, 14, 14, 15, 16, 38, 61
11, 11, 14, 14, 28, 41, 44, 58, 164
11, 14, 18, 20, 24, 36, 522
11, 13, 16, 37, 45, 53, 121, 275
10, 10, 10, 11, 12, 16, 40
10, 10, 11, 12, 12, 14, 33, 106
13, 14, 16, 17, 20, 28, 28, 29, 78, 116, 180, 689
10, 15, 16, 213
10, 11, 14, 15, 21, 40, 72, 108, 575, 617, 1241
11, 12, 14, 21, 23, 23, 53, 166, 913
14, 19, 21, 37, 38, 81, 83, 84, 92, 127, 261
13, 17, 18, 29, 31, 38, 42, 48, 49, 68, 95, 258
10, 10, 10, 10, 11, 13, 43
14, 16, 65, 226, 299, 346, 369, 605
10, 10, 11, 27, 67, 68
11, 27, 85
12, 13, 16, 21, 35, 37, 58, 236, 1060
10, 10, 11, 12, 13, 29, 31, 32, 211, 225, 268
16, 89
10, 11, 11, 11, 14, 16, 17, 19, 20, 57
10, 10, 10, 13, 13, 15, 23, 25, 25, 31, 104, 1781
10, 10, 11, 11, 14, 14
12, 50, 62, 63, 76, 165, 1235
11, 11, 17, 18, 24, 31, 37
11, 11, 11, 11, 13, 29, 47, 77, 143
11, 17, 23, 29, 30, 36, 316
11, 14, 16, 19, 49
10, 10, 11, 11, 12, 13, 13, 14, 14, 17, 17, 23, 324, 949
14, 14, 15, 25, 442
10, 10, 13, 19
12, 13, 16, 21, 28, 30, 33, 64, 70, 90, 350
10, 10, 11, 12, 17, 26, 37, 269
99, 358
10, 11, 12, 14, 22, 43
10, 10, 10, 10, 13, 15, 16, 17, 23, 124
10, 10, 12, 15, 17, 40, 99, 135, 138, 197
10, 11, 11, 12, 13, 37
10, 10, 10, 11, 13, 37, 63, 224
11, 12, 19, 26, 223, 371, 643
11, 11, 11, 11, 13, 14, 24
10, 11, 11, 20, 36, 118, 199, 357
10, 10, 10, 11, 12, 12, 15, 24, 25, 26
12, 12, 13, 17, 17, 20, 42, 50, 72, 168, 264, 622
10, 12, 18, 20, 762
11, 12, 12, 12, 13, 17, 18, 20, 22, 24, 33, 110
10, 11, 11, 11, 12, 13, 14, 17, 27, 38, 40, 117
10, 10, 13, 25
10, 10, 11, 13
14, 16, 25, 31, 33, 43, 82
10, 11, 11, 13, 14, 17, 358
11, 13, 30, 35, 61, 127, 187, 253, 372, 544, 726
10, 12, 13, 15, 15, 23, 24, 30, 125
10, 11, 15, 15, 18, 20, 29, 67, 113, 119
10, 10, 10, 10, 11, 11, 12, 14, 16, 16, 30, 45
13, 13, 14, 20, 21, 33, 274, 335
10, 10, 10, 10, 12, 12, 15, 18, 19, 21
10, 10, 12, 13, 13, 13, 15, 16, 26, 49, 62, 69, 84
10, 13, 14
10, 10, 12, 13, 23, 23, 24, 44
11, 11, 12, 12, 12, 17, 29, 190
10, 10, 11, 11, 18, 25, 30
10, 11, 11, 16, 17, 21, 26, 32, 40, 45, 51, 161, 831
14, 24, 27, 31, 44, 204, 400
12, 15, 17, 17, 21, 25, 27, 31, 34, 131, 276, 290
10, 10, 11, 11, 11, 13, 13, 22, 24, 29, 34, 130
10, 10, 10, 10, 10, 15, 17, 18, 26, 28, 30, 31
15, 52, 58, 3065
10, 14, 15, 57, 333
10, 11, 12, 14, 26, 64, 95, 165
13, 19, 19, 32, 44, 46, 52, 52, 64
11, 13, 14, 16, 50, 54, 133, 245, 710
11, 11, 20, 116
11, 11, 14, 20, 22, 27, 35, 161, 250
10, 10, 10, 11, 11, 11, 20, 21, 27, 63, 82
11, 11, 11, 12, 16, 16, 31, 53, 86, 98
11, 21, 22
10, 11, 11, 12, 14, 77, 88
10, 10, 11, 16, 16, 17, 29, 31, 43, 435
12, 12, 16, 19, 46, 65, 69, 71, 74, 104, 111, 258
13, 14, 30, 43, 63, 107, 454, 565
11, 12, 15, 18, 53, 351
10, 10, 11, 11, 11, 15, 18, 38, 56, 101
11, 12, 13, 14, 14, 24, 35, 110, 126, 525, 1604
12, 19, 30, 34, 114
10, 19, 21, 28, 33, 42, 56, 105, 287, 430
10, 10, 10, 10, 10, 10, 11, 12, 12, 13, 14, 14, 15, 258
11, 12, 18, 19, 19, 20, 36, 62, 71
11, 12, 16, 29, 330
10, 10, 11, 11, 11, 15, 15, 18, 1001
10, 10, 11, 11, 11, 14, 16, 140
10, 10, 10, 11, 11, 14, 17, 17, 24, 35, 38, 56
11, 12, 13, 15, 21, 22, 24, 25, 30, 45, 138, 333
12, 12, 18, 33, 63, 92
12, 13, 15, 23, 29, 34, 67, 93, 127, 168
12, 13, 15, 23, 86, 366
10, 11, 11, 15, 15, 17, 19, 41
11, 13, 14, 19, 23, 40, 47, 136
10, 11, 12, 12, 14, 15, 18, 60, 117, 320
15, 19, 30, 34, 381
10, 11, 11, 16, 23, 25, 36, 53, 63, 71, 367, 621, 999
10, 10, 11, 11, 12, 15, 54
10, 10, 10, 11, 12, 12, 14, 17, 48, 156
10, 11, 11, 12, 13, 14, 18, 21
12, 14, 18, 20, 26, 28, 35, 95, 333, 480
10, 13, 14, 44
10, 12, 20, 20, 24, 24, 43, 69
10, 10, 10, 10, 11, 18, 19, 265
10, 13
10, 10, 15, 21, 23, 144, 313
14, 15, 29, 38, 45, 82, 103
10, 10, 11, 13, 14, 16, 25, 38, 82, 126, 404
13, 15, 18, 27, 35, 36, 41, 54, 123, 172, 340
25, 52, 98, 136, 151, 154, 619
10, 10, 11, 11, 15, 19, 19, 24, 67, 103, 481
12, 13, 23, 30, 49, 114
11, 11, 12, 13, 24, 106
15, 18, 24, 42, 44, 48, 57, 61, 81, 87, 106, 117, 162
10, 10, 11, 11, 11, 12, 12, 12, 14, 32, 33, 59, 60, 224
14, 18
11, 11, 14, 19, 20, 22, 23, 27, 58, 267
11, 11, 14, 15, 27, 32, 1766
10, 10, 11, 11, 11, 15, 20, 22, 488
11, 14, 15, 15, 15, 20, 44
11, 11, 15, 19, 36
10, 12, 13, 20, 23, 31, 36, 57, 78, 81, 92, 107
12, 12, 14, 16, 28, 41, 41, 77, 248
10, 10, 10, 11, 11, 12, 18, 31, 64, 95
18, 23, 87, 164, 380
11, 13, 14, 15, 18, 19, 21, 54, 170, 310, 476, 755, 851
11, 11, 16, 17, 18, 334
10, 10, 10, 11, 12, 13, 14, 14, 15, 15, 18, 31
13, 20, 28, 46, 75, 76, 198, 511
10, 14, 24
11, 21, 177
10, 10, 10, 10, 11, 11, 36, 68, 153, 295
14, 16, 16, 17, 19, 22, 69, 100, 4789
10, 11, 14, 20, 204
10, 10, 12, 12, 17, 17, 20, 46, 47, 142
10, 11, 11, 11, 16, 27
10, 10, 12, 14, 63
13, 15, 21, 32, 46, 50
10, 11, 12, 14, 14, 32, 36, 38
16, 20, 21, 24, 29, 31, 43, 217, 248, 543, 912
10, 11, 11, 13, 29
25, 57, 110, 113, 176, 195
10, 10, 10, 11, 11, 11, 12, 13, 15, 19, 278, 375
13, 14, 40, 59, 59, 60, 96
11, 63
13, 13, 20, 22
10, 10, 12, 13, 14, 15, 17, 27
10, 18, 19, 46, 148, 153, 174, 413, 1448, 2885
10, 11, 11, 12, 13, 18, 19, 22, 28, 48, 52, 88, 2893
10, 11, 13, 15
10, 10, 11, 12, 15, 26, 29
10, 12, 15, 64
12, 14, 16, 17, 19, 23, 26, 295
20, 31, 277
12, 13, 39, 125
24, 37, 46
10, 11, 11, 11, 11, 15, 20, 21, 22, 22, 37, 99, 186, 3116
10, 10, 11, 11, 14, 16, 17, 21, 24, 29, 96, 295
11, 13, 14, 14, 15, 19, 26, 38, 42, 45, 211, 643
10, 10, 11, 13, 34
10, 11, 12, 16, 23, 26, 37, 42, 45, 56, 98, 227
11, 12, 13, 83, 152
11, 11, 13, 14, 14, 21, 60
10, 10, 22, 26, 30, 38, 47, 51, 109
10, 11, 11, 12, 12, 34
10, 10, 10, 13, 34, 493
12, 13, 15, 21, 24, 42, 49, 1927
12, 19, 20, 23, 94, 96, 178, 235, 370, 904, 1040
11, 14, 24, 42, 63, 76, 86, 182, 352
12, 12, 16, 17, 19, 38, 80, 92, 103, 148, 411, 451
10, 10, 11, 11, 12, 15, 23, 32, 36, 83, 148
10, 11, 11, 14, 20, 22, 22, 71, 138, 242
11, 11, 13, 13, 13, 17, 18, 23, 26, 28, 34, 48, 142
10, 10, 10, 10, 10, 10, 10, 10, 12, 12, 16, 22
10, 10, 10, 11, 11, 12, 12, 15, 53
12, 13, 17, 17, 25, 27, 49, 55, 69, 72, 143, 321, 441
10, 10, 10, 12, 12, 12, 12, 29
11, 19, 21, 35, 48, 52, 64, 68, 79, 247, 326, 463
10, 10, 11, 11, 12, 16, 17, 25, 26, 28, 72, 251, 1129
10, 11, 11, 52, 149
10, 11, 12, 15, 17, 20, 23, 57, 216
10, 11, 11, 11, 12, 16, 17, 37, 99, 1375
13, 13, 14, 14, 19, 20, 54, 83
17, 18, 20, 23, 26, 29, 39, 39, 254, 255
10, 16, 35, 36
10, 11, 11, 12, 19, 19, 20, 26, 34, 41, 48, 48, 69, 2569
13, 92
10, 10, 10, 11, 12, 12, 13, 13
10, 10, 10, 11, 19, 22, 30, 33, 35, 35
10, 15, 16, 18, 38, 259
10, 12, 13, 13, 14, 14, 15, 16, 20, 22, 26
10, 10, 11, 11, 12, 12, 22, 67
10, 11, 12
10, 10, 10, 11, 15, 25, 46, 213, 228
10, 14, 16, 17, 17, 31
11, 16
10, 10, 11, 1268
10, 15, 24, 26, 84, 276, 371
12, 25, 30, 42, 52, 182, 331, 1444
10, 10, 10, 10, 13, 25, 89
15, 19, 20
12, 12, 14, 16, 29
10, 10, 11, 19, 57, 263
11, 13, 13, 14, 15, 16, 20, 61, 67, 138
13, 13, 15, 22, 22, 24, 30, 48, 82, 185, 229
10, 10, 10, 11, 11, 12, 20, 31, 50, 77, 938
10, 10, 11, 11, 11, 14, 40, 44
11, 12, 13, 15, 18, 22, 75
11, 12, 14, 14, 14, 16, 21, 56, 79, 253, 2947
10, 12, 15, 19, 26, 32, 36, 38, 115, 1493
13, 15, 17, 235, 919
10, 10, 11, 11, 12, 14, 21, 22, 31, 189, 193
12, 20, 25, 27, 30, 34, 43, 55, 96, 100, 371, 848
18, 42
10, 10, 10, 11, 11, 11, 17, 20, 26, 577
10, 10, 15, 16, 21, 21, 48, 119, 298, 367, 515, 547
10, 10, 10, 10, 24, 26, 28
10, 11, 12, 16, 16, 18, 225
11, 11, 12, 13, 13, 20, 30, 85, 237, 250
10, 11, 14, 16, 17, 55, 58, 197, 344
10, 11, 11, 11, 12, 14, 15, 18, 28
10, 12, 20, 24, 32, 81, 97, 353, 530, 3048
12, 14, 16, 43, 47, 124
10, 10, 11, 12, 58
10, 10, 10, 11, 11, 12, 13, 17, 61, 159, 367
12, 17, 17, 21, 30
12, 16, 17, 22, 50, 85, 403
10, 37
10, 10, 10, 10, 11, 12, 13, 13, 14, 17
11, 13, 28, 113
11, 12, 23, 326
10, 10, 10, 10, 11, 11, 11, 11, 11, 14, 15, 28, 49
13, 23, 32, 54, 289
10, 10, 11, 12, 20, 24, 25, 31
10, 10, 10, 11, 11, 14, 24, 30, 41, 133, 1318
10, 12, 17, 30, 30, 31
11, 13, 26, 33, 73, 108, 859
10, 10, 10, 11, 13, 56
10, 11, 11, 11, 12, 17, 24, 26, 43, 105, 112, 897, 3578
12, 19, 22, 27, 27, 29, 39, 135, 361, 3936
10, 12, 14, 15, 15, 20, 33, 355, 3430
10, 10, 10, 11, 13, 22, 22, 48
11, 15, 20, 35, 47, 151, 566
10, 10, 10, 10, 11, 12, 13, 14, 21, 1510
11, 11, 68, 108
10, 11, 17
12, 14, 14, 14, 1567
10, 12, 14, 14, 20, 23, 30, 36, 44, 81, 99, 142, 755
18, 19, 24, 28, 39, 178, 284
10, 10, 12, 13, 14, 19
12, 14, 14, 15, 16, 19, 20, 33, 61, 106, 146, 208, 713, 893
14, 16, 16, 32, 43, 69, 134, 185, 282, 545, 610, 1352
11, 14, 19, 21, 28, 44, 680
11, 11
10, 11, 12, 16, 16, 63, 159, 184
10, 10, 11, 15, 60, 224
10, 10, 75, 109
10, 11, 11, 12, 12, 12, 14, 17, 31
16, 17, 21, 102, 654, 1426, 3190
10, 12, 13, 14, 26, 34, 36, 52, 110, 114
10, 10, 10, 10, 10, 10, 10, 11, 11, 11, 12, 19, 19
10, 14, 14, 42, 53, 120
10, 15
11, 11, 11, 15, 19, 61
11, 13, 13, 15, 22, 36, 591
10, 10, 11, 11, 12, 12, 13, 14, 15, 22, 23, 61
10, 10, 10, 12, 19, 39
11, 65
12, 13, 14, 25, 34, 41, 42, 57, 95, 156, 481
10, 10, 11, 11, 11, 13, 14, 48, 53, 70, 89, 93
10, 10, 10, 10, 11, 11, 14, 14, 19, 27, 97
10, 11, 11, 12, 13, 15, 22, 33, 40, 310
10, 16, 19, 19, 27, 46, 50, 61, 76, 158, 200, 206, 307
10, 12, 12, 12, 12, 21, 29, 31, 35, 45, 53, 4334
10, 11, 11, 11, 12, 14, 14, 18, 23, 23, 26, 110, 236
10, 11, 26
11, 13, 14, 14, 22, 33, 44, 110, 120, 309
12, 12, 13, 16, 18, 19, 20, 25, 187, 633
10, 10, 10, 17, 17, 29
11, 13, 18, 20, 39, 40, 40, 47, 55, 125, 144, 214, 421
20, 21, 32, 32, 65, 160, 668, 1259
11, 12, 18, 20, 22, 23, 37, 52, 81, 91, 112
10, 10, 10, 11, 12
10, 11, 12, 12, 29, 73
19, 26, 35, 62, 81
11, 17, 18, 24, 29, 52, 55, 92, 110, 234, 425
19, 20, 24, 32, 38, 40, 68, 137, 171, 1171
11, 12, 12, 13, 17, 25, 31, 74, 103, 114
10, 10, 11, 16, 17
10, 10, 10, 10, 11, 11, 12, 15, 26, 30, 36, 515
10, 11, 15
10, 11, 12, 15, 19, 21, 62, 69, 139
10, 10, 12, 12, 15, 17, 28, 29, 30, 110, 137, 301, 615
12, 13, 15, 17, 19, 23, 154
10, 12, 13, 18, 23, 24, 51, 70, 92, 114, 188
10, 10, 10, 11, 11, 24
10, 10, 11, 11, 11, 12, 12, 14, 16, 18, 18, 40, 63, 552
11, 12, 39, 259, 2505
10, 10, 11, 11, 11, 11, 15, 15, 26, 127
10, 10, 13, 13, 13, 14, 18, 19, 34, 40, 173
10, 12, 20, 22, 22, 24, 30, 35, 46, 71, 88
10, 10, 11, 13, 51
10, 10, 10, 11
11, 13, 18, 31
13, 14, 16, 18, 21, 25, 29, 30, 32, 239, 347, 567
11, 12, 12, 13, 14, 14, 61
11, 14, 17, 18, 25, 40, 88, 454, 457, 616, 791, 822, 3692
12, 14, 15, 25, 25, 38, 42
11, 13, 13, 18, 57, 117
10, 10, 10, 11, 11, 11, 13, 15, 16, 20, 33, 43, 48
10, 11, 19, 124
12, 12, 13, 13, 13, 16, 18, 21, 75, 1359
10, 39
11, 13, 46
11, 19, 64, 176, 517
10, 11, 12, 12, 16, 17, 46, 53, 54, 63, 68, 96, 129, 674
10, 14, 15, 24, 37, 39, 48, 107, 3177
14, 16, 18, 24, 29, 32, 63
10, 10, 10, 11, 12, 12, 15, 16, 21, 23, 27, 44, 575
10, 13, 14, 15, 19, 70
12, 14, 16, 17
10, 11, 12, 13
13, 16, 33, 33, 390
13, 18, 31
10, 15, 18, 35, 341
11, 16, 23, 23, 46
10, 10, 10, 11, 39, 82, 539
11, 12, 12, 15, 31, 52
10, 10, 10, 10, 14, 14, 49, 59, 128, 193
10, 10, 15, 21, 57, 160
10, 11, 11, 11, 13, 18, 132, 218, 1204
11, 20, 41, 78, 183, 238, 316, 359, 517, 894
10, 11, 12, 12, 13, 13, 15, 15, 16, 20, 30
22, 32, 79
11, 12, 15, 16, 29, 42, 54, 65, 65, 143, 184, 237
14, 27, 37, 139
11, 12, 15, 16, 17, 20, 29, 38, 53, 70, 2006
10, 10, 11, 15, 15, 15, 19, 20, 21, 31, 42, 47
11, 11, 12
12, 17, 23, 50, 62, 66, 89, 103, 122, 144, 157, 226
12, 12, 19, 92, 133
11, 12, 17, 23, 30, 38, 77, 132
36, 188, 1090
16, 16, 17, 25, 30, 35, 36, 49, 66, 154, 167, 239, 1380
10, 11, 12, 12, 17, 28, 37, 57, 77
11, 15, 23, 27, 35
11, 16, 23, 34
12, 12, 13, 15, 15, 18, 20, 25, 25, 35, 82, 113, 135, 205
10, 11, 12, 16, 16, 18, 22, 30, 110, 116
10, 10, 11, 68, 248, 330
10, 10, 10, 10, 10, 11, 37, 48, 49, 66, 66, 189
10, 10, 10, 11, 12, 13, 21, 27, 30, 47, 110, 206
10, 10, 11, 11, 11, 13, 13, 14, 17, 17, 33, 747
15, 16, 21, 28, 34, 43, 53, 58, 71, 110, 172, 338
11, 15, 28, 30, 34, 87, 151, 205, 2707
10, 10, 10, 11, 28, 261
13, 20, 34, 77
12, 16, 21, 47, 179
10, 10, 10, 10, 12, 12, 16, 18, 33, 37, 38
10, 10, 10, 10, 10, 12, 12, 13, 13, 13, 261
11, 11, 11, 12, 17, 24, 38, 3219
10, 10, 12, 22
10, 10, 11, 11, 14, 24
12, 12, 14, 15, 114, 495
10, 10, 10, 10, 12, 13, 13, 15, 20, 23, 66, 147
10, 11, 15, 16, 73
10, 11, 12, 14, 16, 16, 19, 20, 21, 103, 228
13, 17, 18, 21, 27, 34
10, 10, 11, 16, 22, 42, 74
10, 10, 10, 11, 11, 11, 13, 14, 25, 100
10, 10, 11, 12, 12, 12, 15, 19, 30, 45, 47, 50, 98, 400
11, 11, 12, 12, 18, 20, 34, 42, 60, 73
11, 11, 13, 24, 28, 33, 48, 81, 142, 163, 360, 410
10, 11, 11, 11, 11, 11, 12, 14, 24
10, 11, 13, 14, 22, 52, 60, 114
12, 19, 68, 83, 280
10, 11, 13, 13, 20, 29, 29, 85, 180, 1728
11, 11, 28, 110
10, 12, 21, 21, 22, 23, 26, 41, 75
11, 11, 12, 13, 13, 14, 26, 30, 62, 67, 296, 758, 930
11, 12, 13, 28, 40, 47, 63, 287
12, 16, 17, 18, 19, 52, 351, 609
11, 11, 15, 17, 132
11, 12, 12, 15, 16, 23, 52, 154, 413, 447
14, 15, 66
11, 16, 16, 17, 36, 53, 68, 87, 211, 237, 247
12, 13, 15, 16, 28, 43, 67, 155, 229, 1024
10, 11, 18
12, 12, 16, 18, 18, 19, 20, 95
10, 10, 10, 10, 10, 17, 18, 40, 74, 738
11, 11, 11, 12, 12, 12, 13, 14, 19, 24, 56, 59, 1019
11, 129, 1397
11, 12, 14, 19, 30
11, 11, 11, 12, 14, 24, 27, 42, 42, 80, 332
10, 10, 11, 12, 14, 14, 14, 16, 21, 21, 46, 47
10, 10, 11, 12, 16
14, 15, 28, 30, 51, 78
11, 12, 18, 2448
10, 10, 10, 10, 11, 11, 13, 13, 19, 26, 28, 29, 82
11, 12, 12, 16, 33
14, 78, 81, 101, 152, 211, 228, 373, 476
11, 13, 16, 18, 47, 65, 81, 100, 139
10, 10, 10, 15, 16, 53, 61, 94, 166
10, 10, 11, 11, 11, 13, 14, 16, 18, 19, 30, 44
10, 10, 10, 11, 14, 15, 22, 26
10, 10, 11
11, 12, 14, 17
10, 12, 17
15, 25, 1637, 1872
10, 10, 11, 11, 11, 12, 13, 17, 19, 20, 48, 55, 66, 68
10, 10, 13, 17
10, 10, 14, 39, 47
11, 13
10, 10, 10, 11, 12, 13, 19, 28, 30, 71
10, 11, 12, 13, 16, 21, 22
10, 14, 19, 19, 53, 60, 113
11, 13, 14, 14, 19
11, 11, 11, 12, 13, 14, 15, 18, 22, 24, 26, 34, 99, 512
11, 17, 21, 28, 31, 45, 103
10, 12, 12, 33, 49, 133
10, 10, 10, 11, 13, 25, 141
10, 10, 10, 11, 12, 13, 30, 204
11, 29
13, 14, 14, 17, 18
13, 15, 18, 18, 40, 211, 527, 2267
11, 46, 81, 141, 856
13, 17, 19, 19, 20, 22, 108, 190, 244, 393, 497
10, 10, 11, 11, 11, 12, 12, 56, 63
10, 10, 11, 16, 38
10, 11, 14, 15, 22, 23, 24, 59, 176, 421, 939, 1423
13, 15, 72, 147, 175, 299
10, 10, 11, 11, 11, 16, 24, 26, 28, 147, 154, 159
12, 14, 18, 23, 25, 26, 37, 54
10, 10, 11, 12, 24, 26
10, 10, 11, 12, 12, 13, 19, 41, 45
10, 10, 11, 14, 15, 16, 87
10, 10, 11, 11, 12, 14, 16, 23, 41
11, 13, 16, 21, 175
10, 10, 11, 11, 11, 13, 13, 15, 25, 32, 72, 181
10, 10, 10, 10, 12, 14, 16, 36
11, 12, 15, 30, 1499
10, 11, 12, 19, 22, 23, 49, 61, 326, 596
10, 12, 14, 25, 34, 48, 77, 113, 122
11, 11, 12, 12, 13, 18, 24, 40, 75, 92, 115, 2688
21, 38, 44, 46, 3242
12, 14, 14, 14, 15, 19, 25, 30, 423
10, 12, 18, 19, 26, 41, 43, 180
11, 14, 14, 17, 19, 22, 30, 56, 63
10, 11, 11, 11, 12, 15, 19, 24, 120, 206
10, 10, 10, 10, 11, 11, 11, 11, 13, 45, 223, 231
11, 14, 17, 33
11, 15, 17, 19, 22, 29, 33, 37, 47, 224, 1215
10, 10, 10, 12, 13, 15, 17, 18, 20, 27, 29, 37, 41
10, 11, 13
11, 16, 71, 73, 143, 217, 720
10, 10, 11, 12, 12, 13
12, 17, 21, 24, 25, 30, 40, 55, 73, 91, 98, 167, 1198
10, 13, 16, 23, 25, 83
10, 22, 106
10, 10, 11, 12, 12, 12, 13, 33, 56
10, 10, 10, 10, 11, 12, 13, 15, 25, 39, 84
10, 11, 12, 12, 13, 14, 17, 21, 32
10, 10, 11, 11, 20, 25, 36, 46, 141, 350
10, 10, 12, 12, 14, 19, 20, 29, 36, 56, 1021
12, 18, 18, 23, 35, 43, 329, 470
13, 13, 15, 17, 21, 32, 37, 296, 330, 372, 393, 1468
11, 11, 22, 22, 38, 41, 48, 86, 110, 112, 112, 345
10, 10, 11, 11, 11, 12, 12, 14, 14, 23, 35
10, 10, 11, 12, 40
10, 14, 20, 21, 23, 55, 74, 212, 333, 340, 2244
25, 26, 60, 74, 108, 109, 113, 293, 383
11, 11, 16, 33, 40, 71
10, 10, 10, 11, 11, 11, 14, 21, 43, 91, 97
10, 10, 10, 10, 11, 13, 18, 21, 21, 22, 198
11, 11, 55
12, 18, 18, 21, 47, 49, 1434
10, 84, 101, 102, 181, 221, 1059
10, 10, 11, 11, 11, 13
11, 12, 46, 124
10, 10, 10, 10, 14
10, 10, 11, 12, 15, 18, 22, 25, 37, 38, 156, 221
10, 10, 12, 15, 121
10, 11, 15, 18, 21, 22, 22, 36, 45, 53, 67, 154, 161, 1229
10, 10, 11, 14, 16, 26, 33, 61, 165
13, 13, 13, 24
12, 21, 22, 73, 77, 120, 139, 209
15, 19
11, 19, 32, 50, 55, 106, 127, 193, 306, 316, 358, 848
10, 12, 15
10, 10, 11, 11, 13, 15, 15, 16, 25, 56, 65, 4212
11, 12, 13, 13, 14, 20, 128, 338, 410, 537
10, 23
11, 12, 14, 14, 14, 27, 37
12, 15, 15, 20, 24, 31, 37, 94
14, 19, 26, 26, 29, 29, 55, 70, 115, 490, 1490, 2996
12, 43, 402, 721, 1520
13, 33, 46, 96, 138, 300, 731, 976
10, 10, 10, 10, 10, 10, 11, 13, 31, 31
11, 13, 19, 24, 25, 29, 30, 43, 63, 97, 102, 300, 1451
10, 10, 10, 11, 12, 34, 72
10, 11, 13, 13, 15, 16, 19, 21, 53, 592
10, 11, 11, 11, 13, 13, 13, 13, 25, 32, 35, 57
13, 17, 21, 26, 40, 43, 115, 145, 278
10, 11, 15, 17, 19, 20, 21, 27, 121
11, 12, 13, 14, 17, 28, 31, 38, 39, 52, 60, 74, 95
10, 11, 16, 16, 23, 26, 30, 43, 59, 82
15, 18, 18, 22, 55
10, 10, 14, 14, 332
10, 10, 10, 11, 11, 11, 13, 44
13, 53, 57, 168, 271, 1034
42, 48, 146, 170, 205, 211, 298, 346, 622, 1370, 1492, 1801
10, 10, 13, 14, 15, 18, 35, 236, 299
10, 10, 10, 10, 11, 11, 13, 13, 19, 25, 27, 32, 74, 130
10, 10, 12, 16
10, 22, 28, 207
15, 20, 26, 28, 32, 34, 38, 39, 47, 47, 60, 254, 387
31, 45, 66, 95
10, 11, 12, 32, 38
18, 985
16, 25, 32, 35, 62, 253, 1112, 1567, 1610, 2615
11, 11, 14, 18, 25, 26, 35
10, 10, 10, 10, 11, 11, 12, 12, 15, 18, 30
10, 10, 11, 12, 12, 13, 18, 28, 41, 103, 108, 112, 1094
12, 12, 14, 14, 21, 294, 318, 504
10, 10, 12, 12, 13, 13, 14, 26, 38, 60, 71
10, 10, 10, 16, 16, 19, 19, 21, 26, 30, 36, 71
10, 10, 11, 11, 13, 17, 52, 447
11, 13, 13, 15, 19, 22, 37, 96, 118, 224, 232, 232
11, 20, 33
10, 11, 13, 25, 28, 30
11, 15, 20, 22, 24, 38, 41, 401, 472
10, 10, 11, 12, 16, 17, 22, 25, 33, 52
10, 10, 16, 26, 121, 1422
10, 10, 11, 11, 11, 12, 13, 24, 27, 62
13, 18, 23, 52
10, 14, 17, 37, 71, 840
11, 11, 11, 11, 12, 12, 20, 21, 26, 187
15, 17, 18, 19, 23, 34, 45, 53, 62, 63, 82, 180
10, 10, 10, 12, 12, 13, 20, 30, 33, 43, 99
11, 11, 11, 11, 12, 15, 41, 190, 547
10, 10, 10, 11, 12, 23, 25, 1402
10, 18, 19, 22, 26, 50, 55, 79, 114, 119, 198, 206, 330
11, 13, 14, 17, 24, 35, 84
10, 10, 11, 11, 12, 17, 18, 20, 23, 35, 72
10, 10, 10, 10, 11, 13, 14, 14, 25, 26, 219
11, 11, 13, 131, 196, 272, 1575
11, 11, 17, 23, 55
13, 20, 26, 30, 31, 69, 1200
15, 17, 125, 409
10, 10, 10, 11, 22, 24, 25, 58, 100
10, 10, 11, 11, 11, 26, 31, 72, 198
10, 11, 11, 13, 13, 17, 26, 30, 36, 49
11, 12, 13, 21, 23, 23, 27, 28, 33, 34, 54, 265
12, 13, 16, 19, 44, 46, 102, 113, 756, 1103
10, 10, 10, 10, 12, 14, 14, 16, 22, 27, 260
11, 22, 22, 25, 39, 60, 131, 247, 1514
10, 10, 11, 11, 88, 99
54, 93, 186, 544
15, 16, 16, 24, 25, 26, 515
10, 10, 10, 10, 11, 12, 14, 14, 14, 16, 18, 40
10, 10, 10, 11, 13, 15, 96, 137, 595
10, 10, 10, 13, 13, 14, 14, 15, 21, 62, 76, 2179
11, 11, 12, 14, 14, 15, 16, 19, 29, 301, 515, 3927
10, 10, 10, 10, 29
11, 15, 19, 21, 38
10, 10, 11, 11, 11, 13, 18, 37, 40, 44, 45, 99
10, 10, 10, 10, 10, 12, 15, 19, 21, 34
16, 29, 92, 130
11, 16, 20, 36, 55, 68, 68, 765
11, 13, 16, 18, 28, 54, 97, 104, 146, 151, 1007
14, 44, 56, 81, 144, 449, 2758
40, 83, 151, 222
11, 14, 14, 18, 38, 51
10, 10, 10, 10, 10, 11, 11, 12, 13, 13, 19, 26, 31
18, 88
10, 11, 28
10, 12, 12, 15, 17, 31, 73, 79, 116, 145, 420, 655, 1729
10, 10, 10, 10, 12, 12, 15, 25, 77
10, 11, 11, 11, 12, 13, 13, 14, 15, 29, 35, 37, 144
11, 11, 14, 15, 20, 23, 25, 33, 36, 65, 91, 210
14, 16, 18, 23, 34, 61
11, 14, 17, 21, 25, 27, 33, 49, 70
10, 11, 11, 25, 28, 4676
10, 10, 10, 12, 13, 14, 22, 40
11, 12, 12, 31, 151
10, 11, 14, 20, 28, 30
18, 21, 111, 180, 208
10, 14, 26, 106
10, 11, 16, 19, 29, 36, 47, 408
12, 45, 102
10, 10, 10, 11, 31, 41
13, 20, 52, 66, 131, 203, 205, 323, 340, 448, 1594
10, 10, 10, 10, 10, 12, 12, 13, 18, 21, 49, 70
10, 12, 23
10, 12, 13, 14, 18, 19, 32, 37, 45, 63, 68, 190, 453
12, 14, 17, 26, 29, 32, 35, 50, 275, 475, 2317
10, 10, 10, 10, 11, 17
10, 11, 11, 11, 14, 14, 15, 19, 21, 24, 30, 35
11, 23, 34
10, 10, 10, 10, 13, 16, 22, 33, 41, 51, 51
10, 11, 11, 17, 97
10, 11, 11, 11, 13, 15, 15, 16, 29, 34, 47, 92
10, 11, 54, 65
11, 15, 21, 27, 34, 70, 1292, 1506, 1629
11, 12, 21, 37, 49, 189, 216
10, 10, 11, 12, 13, 14, 16
10, 10, 10, 12, 13, 15, 25, 26, 29, 81, 83, 147, 213
10, 10, 11, 11, 11, 13, 13, 14, 16, 19, 40, 41
11, 11, 11, 16, 22, 43, 340
10, 10, 10, 11, 13, 15, 18, 20, 21, 377
10, 10, 10, 10, 10, 13, 16, 22
10, 10, 10, 10, 10, 10, 11, 11, 13, 23, 24, 118, 1922
10, 10, 13, 14, 26, 27, 31, 38, 52, 148
10, 11, 12, 13, 15, 23, 29, 36, 49, 91, 104, 687
13, 14, 17, 18, 20, 32, 41, 113, 113, 182, 190
10, 10, 10, 10, 10, 11, 15, 15, 17, 26, 38
10, 12, 13, 16, 20, 20, 21, 41, 4197
10, 11, 12, 13, 14, 16, 23, 31
11, 12, 14, 17, 19, 21, 23, 25, 53, 53, 99
10, 10, 10, 18, 34, 74
11, 13, 22, 23, 35, 81, 145
12, 13, 13, 41, 62, 196, 265
13, 14, 23, 40, 46, 51, 55, 72, 288, 905
14, 28, 30, 36, 52, 69, 88, 96, 226, 233, 246, 266, 659
12, 12, 17, 17, 18, 48, 50, 70, 291
10, 11, 13, 14, 16, 17, 21, 25, 31, 33
11, 13, 21, 25, 52, 57, 77, 94, 238, 305, 306, 518, 847
10, 10, 10, 12, 17, 20, 40, 52, 73, 129, 1750
10, 11, 12, 12, 140, 148
12, 15, 17, 28, 56, 76, 95, 331, 2341
10, 11, 11, 15, 43, 146, 215, 2400
11, 16, 21, 26, 110, 206
10, 12, 12, 15, 16, 18, 21, 26, 30, 40, 43, 95, 128, 396
10, 11, 13, 17, 21, 31, 32, 32, 45, 52, 75, 83, 90
11, 73, 77, 103, 107, 327, 494
10, 11, 11, 11, 12, 15, 17, 17, 22, 71, 88, 147, 494
12, 13, 28, 28, 32, 117, 273, 358, 507, 630, 1301, 2586
16, 19, 24, 30, 167
10, 10, 10, 10, 13, 15, 15, 17, 18, 73, 93, 994
10, 11, 11, 11, 11, 12, 12, 13, 48
11, 11, 14, 40, 76, 105
11, 11, 11, 14, 15, 27, 32, 47, 57, 202, 544
10, 10, 10, 11, 11, 13, 17, 32, 270
13, 15, 15, 37, 42, 55, 100, 185, 270, 279, 336
12, 14, 14, 29, 59, 76, 96, 160, 438
10, 10, 11, 11, 12, 28, 75, 569
10, 11, 12, 13, 24, 40, 61, 64
12, 16, 16, 18, 18, 18, 18, 23, 49
10, 10, 10, 10, 12, 20, 36, 53, 97
12, 12, 14, 18, 24, 37, 37, 37, 40, 53, 90, 93
10, 11, 12, 15, 36, 86, 326
10, 10, 11, 11, 11, 45
13, 19, 25, 25, 34, 62, 163, 273, 573, 660
10, 24, 31, 118, 3644
10, 14, 15, 180
11, 12, 13, 22, 68
11, 13, 13, 13, 13, 16, 17, 21, 35, 56, 106, 194, 196, 355
10, 18, 24, 26, 28, 61, 291
11, 13, 14, 28, 33, 166
17, 24, 26, 40, 43, 79, 88, 103, 104, 119, 247
10, 10, 10, 11, 12, 13, 15, 18, 53
10, 12, 13, 14, 18, 22, 33, 37
10, 10, 11, 13, 14, 15, 26, 39, 40, 40, 89, 114
10, 11, 12, 12, 13, 15, 28, 99, 236
10, 10, 10, 10, 11, 12, 15, 21, 25, 106, 168, 1809
10, 10, 10, 11, 12, 13, 17, 18, 18, 30, 60
10, 10, 11, 11, 12, 20, 22, 24, 70
10, 10, 11, 12, 12, 12, 18, 30, 55, 57
10, 11, 17, 54
13, 13, 13, 14
10, 10, 11, 11, 11, 12, 14, 15, 16, 30
10, 10, 10, 11, 12, 14, 15, 16, 28, 35, 47, 92
12, 22, 24, 38, 98, 101, 113, 270, 290, 609
10, 10, 10, 11, 12, 18, 43
14, 17, 22
10, 20, 32, 34, 58, 73, 436
10, 10, 11, 11, 11, 21, 27, 27, 32, 113
11, 11, 13, 16, 20, 25, 265
11, 11, 14, 33, 38, 69, 116, 243, 317, 366, 555
13, 14, 61, 197, 949
10, 10, 10, 11, 14, 26
10, 10, 11, 16, 17, 21, 22, 28, 44, 70, 79, 103
11, 11
10, 11, 11, 11, 13, 13, 15, 17, 23, 47, 94
14, 17, 18, 21, 41, 74, 76, 114, 158, 1421
14, 18, 20, 23, 26, 28, 29, 101, 109, 172, 207, 333
12, 14, 20, 21, 46, 95, 198
12, 14, 15, 22, 50, 52, 191, 1677
10, 10, 11, 11, 11, 13, 13, 16, 25, 31, 44, 107, 118, 135
10, 10, 10, 14
10, 10, 10, 10, 11, 12, 13, 21, 28, 69, 119, 237
10, 17, 20, 39, 56, 67, 98, 173, 197, 231, 282
10, 10, 11, 13, 13, 16, 16, 21, 70, 81, 106
11, 14, 17, 23, 25, 26, 37, 38, 61, 104
10, 10, 12, 12, 13, 15, 15, 16, 149
10, 11, 12, 14, 24, 27, 30, 33
10, 14, 24, 41
11, 12, 12, 137
11, 11, 12, 13, 14, 16, 18, 40, 63, 174, 486, 2291
10, 10, 11, 13, 37
11, 11, 11, 12, 19, 20, 27, 31, 43, 91, 100
12, 14, 19, 20, 23, 55, 119, 201, 526, 714, 1134
10, 12, 19, 19, 20, 34, 48, 63, 91
12, 16, 24, 83, 204, 325
10, 10, 11, 11
10, 10, 21, 27, 62, 76, 111
10, 10, 11, 12, 12, 15, 25, 51, 131, 163, 1305
10, 10, 10, 11, 12, 12, 12, 17, 23, 23, 25
11, 11, 14, 14, 14, 61, 121, 166, 215, 3708
18, 35, 56, 411, 792, 1030
10, 10, 10, 11, 11, 11, 11, 11, 17
10, 10, 10, 11, 12, 14, 16, 18, 19, 20
10, 10, 13, 17, 35, 70
10, 10, 10, 10, 11, 11, 11, 12, 12, 12, 13, 24, 24, 149
11, 13, 17, 21, 60
15, 20, 34, 54, 61, 67, 83, 90, 106, 231, 251, 308
10, 10, 11, 11, 11, 11, 12, 13, 20, 28, 50, 69, 106
10, 10, 15, 17, 25, 38, 57, 106, 127, 241
10, 10, 11, 11, 12, 15, 46, 127
10, 10, 10, 11, 11, 16, 16, 21, 24, 35, 37
11, 11, 12, 21, 21, 329, 502
11, 29, 42, 55, 69, 155, 1740
10, 11, 12, 65
11, 22, 24, 25, 26, 39, 85, 175, 416
10, 10, 11, 11, 15, 17, 18, 28, 34, 126
10, 11, 12, 19, 839
11, 13, 44, 54, 67, 173
10, 10, 14, 18, 20, 20, 22, 50, 66, 164
10, 11, 15, 39, 82, 347
11, 12, 12, 13, 15, 19, 21, 45, 64, 281
10, 10, 11, 12, 14, 14, 47, 926
10, 10, 11, 12, 13, 18, 23, 24, 26, 29, 56, 63, 223
11, 11, 14, 15
13, 13, 14, 17, 21, 27, 31, 55, 196, 752
10, 10, 11, 131
10, 10, 18, 44, 83
12, 14
16, 28, 49, 150
10, 11, 11, 13, 13, 45, 56, 747
10, 10, 10, 11, 11, 11, 14, 28, 29
10, 13, 16, 43, 82, 137
12, 12, 15, 18, 27, 31, 35, 49, 54
10, 11, 11, 12, 17, 26
12, 14, 15, 17, 18, 21, 28, 40, 62, 245, 273, 313, 724
10, 10, 10, 10, 11, 11, 19, 40
13, 19, 25, 31, 81, 169, 198, 282, 336, 400
13, 16, 30, 34, 41
10, 10, 10, 10, 11, 12, 14, 17, 18, 27, 66
12, 13, 16, 17, 20, 20, 54, 94, 362
10, 10, 18, 55
27, 42, 689
11, 12, 15, 16, 16, 18, 20, 24, 25, 41, 60, 69, 104, 277
10, 10, 11, 11, 12, 14, 178
15, 21, 21, 35, 37, 57, 72, 105
11, 13, 14, 18, 20, 29, 32, 88, 187
10, 10, 10, 10, 14, 18, 20, 21, 37, 49, 64
10, 11, 11, 11, 12, 13, 19, 21, 23, 29, 43, 91
10, 10, 11, 11, 13, 15, 20, 28
11, 16, 19, 43, 46, 357
10, 10, 10, 14, 15, 16, 19, 27, 31
10, 11, 11, 11, 11, 11, 13, 14, 14, 15, 17, 30, 36
10, 11, 12, 13, 21, 34, 105, 337, 412, 1832
10, 10, 11, 12, 13, 13, 16, 16, 25
10, 10, 10, 11, 13, 37, 49, 50, 55
10, 11, 11, 12, 14, 14, 16, 24, 38, 38, 84, 764
10, 10, 11, 11, 15, 15, 17, 19, 245
10, 11, 13
11, 12, 13, 15, 17, 17, 32, 72, 89, 325, 1377
10, 13, 23, 138
10, 10, 15, 22, 267
11, 17, 21, 29, 33, 37, 42, 46
10, 11, 11, 13, 15, 19, 62, 87
11, 11, 11, 12, 16, 81, 89
10, 10, 10, 10, 10, 12, 13, 15, 27, 74, 2138
10, 10, 11, 11, 12, 13, 13, 25, 36, 122, 1393
10, 13, 14, 17, 21, 23, 34, 35, 45, 129, 139, 212, 825, 3890
11, 11, 11, 12, 12, 13, 16, 21, 27, 50, 169
10, 10, 10, 11, 12, 12, 16, 31, 137
11, 11, 15, 15, 20, 23
16, 23, 26, 67, 74, 88, 96, 161, 171, 175, 201, 212, 4195
14, 15, 16, 17, 19, 35
11, 13, 14, 17, 22, 27, 72, 84, 511
10, 10, 10, 10, 11, 11, 11, 14, 16, 27, 38, 91, 102
10, 10, 11, 11, 14, 17, 25, 28, 108, 115, 357
12, 13, 17, 26, 27, 32, 354, 375, 1227
11, 13, 18, 21, 30, 35, 56, 185
10, 11, 40
10, 10, 10, 11
10, 14, 16, 35
10, 10, 12, 12, 14, 15, 19, 25, 34, 115
10, 10, 10, 11, 14, 14, 32
12, 15, 16, 36, 114, 174
12, 23, 30, 141
12, 12, 15, 16, 16, 55, 56, 80, 84, 223, 535, 657, 753
11, 12, 12, 12, 13, 19, 29, 36, 84, 102, 107
14, 15, 15, 16, 24, 27, 28, 34, 59, 126, 303
10, 15, 18, 21, 36
11, 12, 13, 17, 17, 18, 19, 20, 24, 28, 38
11, 11, 18, 25, 37, 55
10, 10, 11, 11, 12, 16, 16, 17, 28
11, 11, 13, 20, 54, 56, 125, 2184
10, 19, 93, 111
10, 10, 10, 11, 12, 13, 20, 50
10, 11, 21, 48, 64, 84, 85, 337, 479, 926
12, 20, 26, 27, 34, 70, 115, 182, 205, 209, 289, 2301
10, 10, 11, 12, 15, 16, 55, 71
10, 11, 14, 17, 22, 48, 73
10, 10, 10, 11, 12, 12, 13, 17, 17
10, 10, 11, 14, 15, 27, 30
11, 11, 28, 28, 32, 34, 40, 64, 179, 384, 656, 2629, 3599
12, 12, 12, 13, 24, 43, 306
10, 10, 10, 10, 10, 11, 11, 12, 13, 32, 44, 268, 415
10, 11, 11, 11, 11, 11, 20, 20, 25, 25, 49, 340
11, 11, 15, 16, 22, 22, 26, 49
10, 11, 31, 69
24, 117, 727, 1356
10, 11, 11, 13
24, 34, 54
10, 10, 10, 10, 11, 12
10, 11, 11, 12, 14, 38, 64, 166, 476, 713
10, 11, 12, 12, 12, 14, 22, 45, 54, 60, 104, 105
10, 12, 21, 104, 164
10, 10, 10, 10, 11, 12, 19, 40
10, 11, 11, 13, 26
11, 12, 13, 13, 13, 14, 15, 18, 21, 30, 68
10, 11, 11, 13, 15, 45, 339
10, 15, 15, 17, 19, 23, 31, 804
10, 11, 12, 13, 13, 14, 16, 18, 19, 21, 133
10, 13, 14, 16, 27, 37, 158, 317
10, 10, 10, 11, 13, 14, 18, 20
10, 10, 10, 10, 10, 11, 11, 114
15, 113
11, 12, 14, 18, 21, 29, 35, 56, 58, 126, 150, 533
10, 11, 12, 16
15, 28, 63, 162, 162, 417, 1464
10, 10, 10, 16, 19
11, 11, 11, 13, 20, 20, 35, 106, 191, 215, 224, 231, 385
10, 10, 11, 11, 11, 11, 11, 69
16, 18, 18, 19, 21, 26, 124
10, 11
13, 17, 20, 98, 483
10, 10, 11, 11, 16, 16, 27, 50
11, 13, 14, 20, 41, 57, 174, 231, 342, 396
10, 10, 11, 11, 12, 13, 13, 13, 17, 19, 34
11, 13, 27, 442
10, 10, 10, 10, 10, 11, 11, 13, 14, 30, 62, 64, 331
10, 10, 10, 11, 11, 11, 11, 14, 15, 18, 39, 676
39, 39, 134, 473, 1252
13, 18, 30, 127, 287
10, 10, 11, 12, 13, 18, 19, 28, 45, 84, 262, 865
16, 16, 19, 188, 284
10, 10, 11, 11, 11, 11, 12, 14, 24, 54, 84
10, 10, 11, 12, 12, 42, 61
10, 10, 10, 11, 11, 13, 22
10, 11, 11, 11, 12, 26, 46
12, 14, 14, 14, 29, 259
10, 10, 10, 11, 11, 12, 12, 14, 32, 58, 115, 211, 937
10, 14, 15, 15, 16, 18, 22, 23, 31, 55, 71, 92
10, 12, 12, 14, 14, 26, 64
11, 13, 16, 17, 18, 21, 26, 34, 53, 157
10, 11, 11, 12, 14, 20, 26, 33, 45
11, 14, 21, 59
11, 12, 13, 14, 57, 85, 271
10, 11, 11, 11, 12, 15, 26, 180
10, 10, 679
11, 18, 19, 21, 24, 25
10, 11, 11, 11, 12, 13, 16, 23, 76
15, 21, 29, 37, 58, 88, 107, 519, 1919
12, 17, 25, 25, 26, 28, 29, 33, 35, 44, 46, 76, 171
12, 13, 14, 15, 20, 21, 92
13, 17, 20, 25, 30, 39, 46, 68, 78, 116, 465, 846, 1264
12, 12, 14, 17, 19, 31, 38, 39, 42, 43
10, 10, 11, 13, 20, 25, 36, 76
10, 10, 12, 17, 31
10, 11, 12, 13, 17, 19
15, 16, 33, 155
10, 11, 25, 75
10, 10, 14, 19, 43, 130
14, 14, 17, 18, 23, 36, 37, 86, 3735
10, 11, 13, 15, 18, 21, 32, 54
10, 11, 11, 12, 13, 15, 33, 36, 36, 40, 85
10, 20, 20, 34, 60, 70, 258, 686
11, 14, 16, 16, 16, 18, 24, 32, 99, 310, 2002
10, 11, 11, 12, 12, 12, 14, 16, 17
10, 11, 11, 12, 12, 12, 14, 21, 33
12, 14, 15, 16, 20, 22, 28, 29, 66
10, 10, 10, 10, 10, 11, 16, 29, 35, 43, 68, 80, 133
10, 10, 12, 13, 13, 19, 33, 47, 57
13, 16, 17, 30, 40, 74, 302
10, 10, 10, 12, 12, 13
11, 11, 12, 14, 15, 15, 21
10, 10, 10, 15, 16
20, 93, 162, 184, 245, 321, 404
10, 10, 11, 11, 12, 12, 22, 50, 58, 223
11, 16, 37, 251
10, 10, 11, 11, 11, 12, 12, 13, 24, 25, 62, 128
10, 10, 10, 10, 17, 31
10, 12, 14, 20, 28, 53, 146, 585, 1153
10, 10, 14
10, 10, 10, 101
10, 10, 10, 11, 12, 12, 20, 36, 39, 46, 48, 63
10, 10, 10, 12, 12, 14, 16, 27, 83, 141, 766
10, 13, 14, 17, 18, 27, 30, 110, 147, 394
10, 10, 10, 10, 10, 13, 13, 17, 19, 20, 20, 39
11, 12, 16, 18, 18, 23, 70, 347, 1032, 1257
11, 16, 34, 282
12, 14, 16, 19, 22, 23, 29, 30, 45, 85, 239, 240, 1125
16, 34
13, 18, 24, 36, 55, 83, 98, 112, 176, 179, 219, 393
10, 11, 14, 46
10, 10, 11, 11, 68
11, 15, 19, 28, 34, 39, 45, 51, 63, 87, 206, 303, 939
10, 10, 16, 43
13, 17, 92, 155, 164, 179, 212, 232, 281, 425, 478, 551, 3855, 4774
11, 12, 12, 12, 17, 17, 18, 19, 19, 23, 31, 36, 194, 627
10, 10, 11, 16, 26
11, 15, 17, 18, 19, 32, 35, 66
12, 17, 21, 26, 28
13, 14, 16, 28, 180
10, 11, 11, 12, 13, 17, 17, 21, 24, 182
10, 10, 10, 11, 11, 11, 12, 12, 14, 17
10, 11, 30, 500
10, 11, 11, 14, 14, 21, 25
17, 22, 40, 44, 57, 60, 72, 84, 174, 259, 721, 2116
11, 11, 14, 14, 15, 24, 38, 373
11, 12, 14, 15, 15, 52, 66, 92, 102
10, 10, 10, 10, 10, 10, 11, 13, 20, 30, 81, 194
10, 11, 11, 11, 13
14, 23, 29, 34, 57, 1035
10, 10, 11, 11, 15, 15, 18, 22, 27, 47, 65, 76, 106
11, 21, 21
10, 10, 12, 12, 14, 14, 15, 21, 28, 91, 113, 120
10, 11, 12, 14, 20, 20
11, 11, 12, 17, 19, 23, 28, 38, 62
10, 10, 11, 12, 12, 14, 15, 17, 30, 54, 121, 144
11, 11, 13, 19, 34, 117, 357, 599, 1132
15, 16, 16, 16, 22, 100, 450, 595, 1035
11, 11, 11, 12, 13, 13, 19, 19, 24, 24, 242, 319, 568
10, 10, 10, 10, 13, 20, 28
10, 14, 22
12, 13, 53, 117
10, 12, 13, 20, 73, 83, 139, 212
10, 12, 15, 20, 58
11, 13, 14, 14, 16, 19, 22, 29, 71, 153
10, 11, 12, 12, 14, 16, 24, 28, 41, 70, 75, 121, 192, 1269
11, 12, 18, 22
11, 12, 1090
11, 13, 20, 20, 49, 138, 161
10, 10, 11, 12, 13, 34, 227
10, 10, 10, 10, 11, 31, 134
11, 12, 14, 17, 17, 28, 34, 38, 1023, 1318
10, 12, 14, 14, 27, 28, 52, 60, 65, 102, 215
10, 10, 11, 11, 16, 29, 44
10, 11, 14, 16, 35, 1190
10, 10, 10, 10, 11, 11, 12, 12, 24, 58, 146
11, 13, 14, 21, 22, 32, 50, 62, 78, 286, 555, 1707
13, 16, 20, 38, 177, 285, 399, 1324
12, 15, 22, 24, 27
10, 10, 10, 10, 11, 11, 12, 13, 14, 25
20, 28, 28, 30, 39, 39, 48, 81, 116, 447, 463
10, 11, 11, 11, 11, 12, 21, 24, 36, 38, 196, 529
11, 14, 14, 16, 17, 29, 30, 31, 50, 56, 85, 91, 96
10, 10, 12, 13, 15, 20, 33, 33, 69
10, 10, 10, 11, 11, 13, 13, 13, 27, 62, 103, 786
10, 10, 17, 28, 38, 63, 191, 228
10, 10, 11, 11, 11, 11, 14, 19, 20
13, 16, 261, 283
10, 11, 12, 13, 13, 13, 17, 25, 34, 184, 206, 238, 285, 469
15, 23, 31, 246, 389, 1960, 2954
10, 11, 11, 11
10, 10, 10, 14
10, 10, 10, 192
10, 11, 14, 41
13, 19, 23, 24, 29, 52, 55, 70, 142, 426, 448, 496
10, 13, 14, 15, 18, 50, 51, 52, 123, 151, 376, 1260
10, 10, 11, 11, 11, 15, 20, 22
10, 10, 10, 11, 11, 13, 13, 31, 83
11, 11, 14, 14, 18, 26, 28, 38, 102
10, 10, 10, 11, 13, 20, 28, 44, 46, 65
11, 12, 17
12, 33, 42
10, 10, 10, 13, 21
11, 17, 22, 26, 27, 29, 68, 88, 142, 227, 275, 813, 949
13, 15, 22, 25, 50, 97
10, 11, 12, 12, 14, 67, 67, 75, 328
10, 11, 11, 12, 25, 37, 42, 78, 179
12, 14, 14, 15, 21, 37, 55, 193
10, 24, 29, 36, 37, 102, 281, 371
11, 11, 12, 14, 18
10, 10, 10, 11, 12, 12, 15, 24, 30, 49, 49, 1384
16, 18, 75, 96, 1803
11, 11, 11, 13, 13, 17, 20, 312
10, 10, 10, 13, 17, 18, 18, 26, 26, 28, 36, 38, 88, 126
10, 10, 11, 14, 18, 21, 23, 23, 28, 33, 36, 183, 208
13, 13, 15, 18, 19, 20, 25, 27, 45, 54, 188, 231, 1288
11, 11, 17, 19, 21, 24, 72, 85, 353, 436, 1480
12, 14, 19, 21, 32, 33, 51, 107, 2987
14, 15, 15, 15, 44, 91
11, 13, 36
14, 14, 22
10, 11, 11, 12, 13, 15, 18, 31
10, 12, 13, 13, 13, 83
10, 10, 10, 11, 13, 13, 13, 14, 15, 21
11, 12, 13, 13, 16, 17, 21, 53, 150, 361
10, 10
10, 10, 11, 11, 12, 15, 16, 58, 58
10, 10, 13, 14, 18, 23, 25, 28, 30, 64, 76
10, 10, 10, 13, 14, 15, 99
12, 17, 19, 23, 27, 50, 62, 156, 429, 1440
11, 13, 15, 56, 77, 117, 204, 400, 559
11, 12, 13, 13, 15, 15, 21, 23, 25, 107
12, 16, 19, 25, 30, 43
13, 35
10, 61, 73, 1222
12, 15, 16, 17, 19, 30
10, 10, 10, 10, 10, 10, 17, 18, 21, 26, 34, 171
11, 15, 15, 17, 26, 30, 49, 84, 93, 130
14, 16, 102, 871, 993
10, 10, 11, 11, 12, 14, 17, 20, 28, 46, 57, 136
14, 14, 152
11, 12, 17, 30, 32, 38, 56, 103
10, 12, 14, 22, 155
10, 11, 14, 26, 34, 36, 960
10, 11, 11, 26, 26
10, 14
11, 11, 12, 188
10, 11, 11, 13, 13, 17, 20, 23, 56, 58, 362
10, 10, 10, 11, 11, 12, 12, 12, 13, 14, 15, 17, 131
10, 10, 10, 11, 12, 12, 76
10, 10, 12, 12, 14, 18, 18, 20, 26
14, 21, 23, 35, 38, 39, 115, 193, 364, 791, 1112, 1619, 1941
10, 11, 11, 11, 11, 12, 14, 16, 20, 26, 33, 49, 118
13, 15, 17, 20, 22, 31, 33, 45, 60, 100, 106, 206, 392, 3033
11, 20, 22, 22, 28, 63, 181, 190, 224
11, 12, 13, 14, 34, 56, 102, 105, 203, 316, 458
12, 13, 13, 16, 22, 52
10, 11, 12, 13, 168
11, 24, 54, 79
10, 10, 10, 10, 11, 14, 26, 32, 36, 40, 42, 53, 60, 339
10, 10, 11, 11, 13, 26, 37, 51, 53
10, 10, 10, 11, 12, 14, 16, 16, 17, 58, 191, 207
10, 10, 11, 12, 14, 15, 15, 16, 21, 32, 45, 70, 71
10, 10, 17, 17, 26, 239
10, 11, 21, 25
10, 10, 12, 12, 16, 24, 28, 30
12, 18, 41, 91, 110, 120, 394
11, 11, 11, 12, 14, 14, 16, 19, 27, 32, 41
11, 15, 15, 18, 21, 26, 31, 34, 50, 58, 104, 208, 490
10, 11, 16, 23, 25, 27
11, 13
12, 15, 17, 20, 22, 24, 63, 273
22, 22, 36, 39, 43, 47, 248, 528, 673, 818
10, 12, 13, 19, 65, 162, 270, 295
19, 40
17, 17, 97, 479
12, 12, 12, 12, 24, 33, 43
10, 10, 10, 13, 15, 21
18, 64, 77
12, 22, 23, 67, 95, 173
10, 12, 14, 15, 16, 18, 20, 25, 31, 59, 218, 262
10, 10, 12, 12
10, 10, 10, 11, 13, 16, 23, 34
10, 98, 513
11, 12, 19, 32, 35
11, 14, 15, 24, 26, 39, 40, 63, 77, 106, 188, 726
10, 10, 10, 13, 13, 14, 41, 205
10, 12, 15, 20, 22, 28, 196, 347
10, 17, 19, 37, 555, 1091
10, 10, 10, 10, 11, 11, 12, 13, 22, 43, 54, 61
11, 12, 12, 17, 25, 93
10, 10, 10, 12, 12, 14, 14
10, 10, 10, 10, 10, 10, 10, 10, 11, 11, 22, 22, 24, 25
10, 13, 14
10, 10, 11, 15, 25
10, 11, 14, 44
10, 11, 13, 17, 75, 149, 154, 210, 238
11, 12, 12, 29, 139, 368
10, 10, 12, 13, 16, 17, 22, 47, 118, 605
10, 10, 10, 11, 32
14, 24, 215
10, 10, 10, 11, 455
11, 11, 16, 18, 18, 18, 25, 26, 73, 144, 216, 239
10, 19, 20, 32, 33, 38, 39, 45, 47, 64, 70, 1249
11, 11, 11, 27, 30, 33
13, 14, 19, 31, 38, 40, 42, 60, 81, 120, 164
12, 13, 16, 26, 34, 53, 56
10, 10, 11, 11, 12, 13, 17, 20, 21, 21, 22, 56, 77
10, 19, 27, 40, 51, 81, 122, 149, 269, 336, 750
12, 12, 14, 16, 19, 46, 83, 388
12, 161, 612
10, 12, 15, 15, 63
10, 11, 11, 11, 12, 24, 29, 64, 75
16, 19, 22, 36, 44, 134, 142, 220, 388, 686, 762
10, 11, 13, 14, 17, 21, 22, 22, 31, 126, 319
13, 16, 108, 112, 433
11, 28, 82
10, 10, 10, 11, 11, 12, 13, 17, 18, 126, 378
